20200100,Ιανουάριος,,,,,,https://el.wikipedia.org/wiki/%CE%99%CE%B1%CE%BD%CE%BF%CF%85%CE%AC%CF%81%CE%B9%CE%BF%CF%82
20200101,"Η κατά σάρκα Περιτομή του Ιησού Χριστού, Βασιλείου αρχιεπισκόπου Καισαρείας του Μεγάλου και Εμμελείας της μητρός αυτού, Αγίου Τηλεμάχου, Γρηγορίου επισκόπου Ναζιανζού, Θεοδότου μάρτυρος, Μαρτύρων Κυράννης και Πέτρου, του εκ Τριπόλεως της Πελοποννήσου, και εν Τεμίσι της Μικράς Ασίας αθλήσαντος, Οσίου Θεοδοσίου, ηγουμένου εν Τριγλία, Αγίου ιερομάρτυρος Πλάτωνος και των συν αυτώ Μιχαήλ και Νικολάου","Βασίλειος (Βασίλης, Βάσος, Βασίλας, Βίλυ, Μπίλλης, Μπίλης), Βασιλική (Βασιλεία, Βασιλίνα, Βάσω, Βάσια, Βίκυ), Τηλέμαχος (Τέλης), Εμμέλεια (Άμυ, Εμμελεία, Έμυ)",,Επίσημη αργία: Πρωτοχρονιά,0,1,https://el.wikipedia.org/wiki/1_%CE%99%CE%B1%CE%BD%CE%BF%CF%85%CE%B1%CF%81%CE%AF%CE%BF%CF%85
20200102,"Προεόρτια των Φώτων, Σιλβέστρου πάπα Ρώμης, Κοσμά Α΄ αρχιεπισκόπου Κωνσταντινουπόλεως του θαυματουργού, Ιερομάρτυρος Θεαγένους, επισκόπου Παρίου, Μαρτύρων Βασιλείου του εξ Αγκύρας, Θεοπέμπτου, Θεοπίστου, Σεργίου, Ισιδώρου, Νεομάρτυρος Γεωργίου του Ίβηρος, του εν Μυτιλήνη, Οσίου Σεραφείμ του Σάρωφ, Οσίων Θεοδότης (μητρός αγ. Αναργύρων), Μάρκου του κωφού, Σιλβέστρου και Νείλου, Δικαίων Σειριόλου και Ιουλιανής","Σίλβεστρος (Σιλβέστρης, Σίλβης, Συλβέστρος), Σιλβέστρα (Σίλβα), Σεραφείμ, Σεραφειμία (Σεραφείμα, Σεραφειμή, Σεραφίνα)",,,0,2,https://el.wikipedia.org/wiki/2_%CE%99%CE%B1%CE%BD%CE%BF%CF%85%CE%B1%CF%81%CE%AF%CE%BF%CF%85
20200103,"Προεόρτια των Φώτων, Μαλαχίου προφήτου, Μαρτύρων Γόρδιου του κόμητος, του Οσίου Ακακίου, του εν τω Λάτρω, Οσίων Θωμαΐδος της Λεσβίας, Γενεβιέβης εκ Παρισίων, Παντελεήμονος, Μελίτωνος εκ Βηρυτού και Πέτρου του «σημειοφόρου», Ευθυμίου, του ανθρώπου του Θεού",Γενοβέφα (Γενεβιέβη),,,0,2,https://el.wikipedia.org/wiki/3_%CE%99%CE%B1%CE%BD%CE%BF%CF%85%CE%B1%CF%81%CE%AF%CE%BF%CF%85
20200104,"Σύναξις των Εβδομήκοντα Αποστόλων, Αγίων Έξι Μαρτύρων, Οσιομαρτύρων Θεοκτίστου ηγουμένου μονής Κουκουμίου, Ονουφρίου, του εκ Βουλγάρων και εν Χίω αθλήσαντος, Ευθυμίου ηγουμένου «Βατοπεδίου» και των συν αυτώ 12 Μοναχών, Μαρτύρων Χρυσάνθου και Ευφημίας, Οσίων Απολλιναρίας της συγκλητικής, Αθανασίου του Κομενταρησίου, Ζωσίμου του ομολογητού, Μιχαήλ του Συγκέλλου, Ευθυμίου του νέου, Τιμοθέου του Στυλίτου, Αχιλλίου του διακόνου, Συμεών, Ευαγρίου και Σίου, Θεοπρόβου και Φίλωνος επισκόπου Καρπασίας, Ευσταθίου, Αρχιεπισκόπου Σερβίας, Οσίου Νικηφόρου του λεπρού, Η εύρεσις των τιμίων λειψάνων του Αγίου νεομάρτυρος Ιωάννου εκ Κονίτσης","Ονούφριος, Ονουφρία",,,0,2,https://el.wikipedia.org/wiki/4_%CE%99%CE%B1%CE%BD%CE%BF%CF%85%CE%B1%CF%81%CE%AF%CE%BF%CF%85
20200105,"Παραμονή Θεοφανίων, Μικρός Αγιασμός, Θεοπέμπτου επισκόπου και Θεωνά, Θεόειδος και Σάις, Οσίων Γρηγορίου «του εν τω Ακρίτα», Δομνίνας, Συγκλητικής, Τατιανής και Φωστηρίου, Οσιομάρτυρος Ρωμανού του από Καρπενησίου του εν Βυζαντίω, Θεοφάνους του εγκλείστου, Οσίου Δωροθέου","Θεόπεμπτος, Θεόπεμπτη, Θεωνάς, Θεώνη, Συγκλητική",,,3,3,https://el.wikipedia.org/wiki/5_%CE%99%CE%B1%CE%BD%CE%BF%CF%85%CE%B1%CF%81%CE%AF%CE%BF%CF%85
20200106,"Τα Άγια Θεοφάνεια του Σωτήρος Χριστού, Μέγας Αγιασμός, Οσίου Ευαγρίου, Οσιομάρτυρος Γεωργίου του Πέρσου, Μάρτυρος Άσσαντ του Ράπτου, Ιερομαρτύρων Ρωμανού του Λακεδαίμονος και Ανδρέου και των συν αυτώ, Οσίων Νικολάου και Σεργίου εκ Ρωσίας","Θεοφάνης (Φάνης), Θεοφανία (Θεανώ, Θεοφανώ, Φανή, Φανή, Φάνια, Φένια), Θεόπη (Θεοπούλα), Ιορδάνης (Γιορντανής, Δάνης, Ντάνης), Ιορδανία (Γιορντάνα, Δάνα, Ιορδάνα, Ντάνα), Ουρανία (Ράνια), Περιστέρα, Φώτιος (Φωτεινός, Φώτης, Φώτις), Φωτεινή (Φαίη, Φώτα, Φωτή, Φωτίκα, Φωτίκω, Φώτω, Φώφη, Φωφώ)",,Επίσημη αργία: Θεοφάνεια,0,3,https://el.wikipedia.org/wiki/6_%CE%99%CE%B1%CE%BD%CE%BF%CF%85%CE%B1%CF%81%CE%AF%CE%BF%CF%85
20200107,"Σύναξη του Προφήτου Προδρόμου και Βαπτιστού Ιωάννου, Ιερομάρτυρος Ρωμανού του εκ Δημινίτσης Λακεδαίμονος, Νεομάρτυρος Αθανασίου του εκ Σπάρτης Ατταλείας, Μάρτυρος Ιουλιανού του εξ Αιγίνης και της δι' αυτού πιστευσάσης μάρτυρος γυναικός, Αγίου Σεντ Επισκόπου Σκωτίας, Αγίου Θεοδώρου του Πρίγκηπος","Ιωάννης (Γιάνης, Γιάννης, Γιαννιός, Γιάννος, Γιάνναρος, Γιανναράς, Γιάνγκος, Γιανγκούλας, Γιάγκος, Ζανής, Ζαννέτος, Τζαννής, Τζανής), Ιωάννα (Βάνα, Βάννα, Γιάννα, Γιανγκούλα, Ιβάνα, Ζαννέτα, Ζανέτ), Πρόδρομος, Προδρομία, Σεντ",,,2,3,https://el.wikipedia.org/wiki/7_%CE%99%CE%B1%CE%BD%CE%BF%CF%85%CE%B1%CF%81%CE%AF%CE%BF%CF%85
20200108,"Αττικού και Κύρου, πατριαρχών Κωνσταντινουπόλεως, Ιερομάρτυρος Καρτερίου, Μαρτύρων Μακαρίου του Μακρή, Αβώ, Αντωνίου, Ιουλιανού, Βασιλίσσης και των συν αυτοίς, Ελλαδίου και Θεοφίλου διακόνου, Κελσίου, Παρθένας, Οσίων Ησαΐου, Αγάθωνος, Σεβερίνου, Γεωργίου και Ιωάννου των «Χοζεβιτών», Θεοδώρου, κτίτορος και ηγουμένου της εν Κωνσταντινουπόλει Μονής της Χώρας, Μακαρίου του Μάκρη, ηγουμένου της εν Κωνσταντινουπόλει ιεράς Μονής Παντοκράτορος, Προφήτου Σαμέα του Ελαμίτου, Παρθενομαρτύρων Νεολλίνας και Δομνίνης, Γρηγορίου, επισκόπου Μοισίας, Γρηγορίου Εγκλείστου, Ισιδώρου και των συν αυτώ μαρτύρων, Παϊσίου Ρωσίας","Βασίλισσα, Κέλσιος, Κέλσια (Ελσα, Ελση, Κέλσα, Κέλση, Τσέλση), Παρθένιος (Παρθένης), Παρθενία (Νόπη, Παρθένα, Παρθενόπη), Αγάθων (Αγάθωνας), Αγαθή (Αγαθία, Αγαθώ), Δομίνικος (Δομνίνος), Δομινίκη (Δόμνα, Δομνίκα, Δομνίκη)",,,4,3,https://el.wikipedia.org/wiki/8_%CE%99%CE%B1%CE%BD%CE%BF%CF%85%CE%B1%CF%81%CE%AF%CE%BF%CF%85
20200109,"Ιερομάρτυρος Θεοκτίστου του ομολογητού, Μαρτύρων Πολυεύκτου και Λαυρεντίου, Νεομάρτυρος Κυράννης (Κυρήνης) εκ Βυσώκας (Όσσας) Θεσσαλονίκης, Οσίων Αντωνίνης της εν Νικομήδεια, Ευστρατίου του θαυματουργού, Ιωνά του Γέροντος, Πέτρου, επισκόπου Σεβαστείας, Παρθένας της Εδεσσαίας, Φιλίππου Μόσχας, Βασιλείου και Γρηγορίου Θαυματουργών, Αδριανού εξ Αγγλίας, Αγίου Βριθγουόνλντου (Brithwald), Μνήμη του Μεγάλου Σεισμού","Θεόκτιστος, Θεοκτίστη",,,0,4,https://el.wikipedia.org/wiki/9_%CE%99%CE%B1%CE%BD%CE%BF%CF%85%CE%B1%CF%81%CE%AF%CE%BF%CF%85
20200110,"Γρηγορίου επισκόπου Νύσσης, Δομετιανού επισκόπου Μελιτινής, Μαρκιανού πρεσβυτέρου και οικονόμου της Μεγάλης Εκκλησίας και Αμμωνίου, Θεοσεβίας της διακονίσσης, Οσίων Παύλου και Μακαρίου εκ Ρωσίας, Αντίπα Αθωνίτου, Θεοφάνους του Ερημίτου","Γρηγόριος (Γόλης, Γρηγόρης), Γρηγορία, Δομετιανός",,,4,4,https://el.wikipedia.org/wiki/10_%CE%99%CE%B1%CE%BD%CE%BF%CF%85%CE%B1%CF%81%CE%AF%CE%BF%CF%85
20200111,"Η Σύναξις των Μυρίων αγίων Αγγέλων, Υγίνου, επισκόπου Ρώμης, Μαρτύρων Μαΐρου, Πέτρου, Σεβερίου και Λευκίου, Οσίων Ευπραξίας εκ Ρωσίας, Βιταλίου και Θεοδοσίου του Κοινοβιάρχου, Αγαπίου του αρχιμανδρίτου, Θεοδώρου και Στεφάνου, του εν Πλακιδιναίς, Θεοδοσίου επισκόπου Τραπεζούντας και Θεοδοσίου ηγουμένου της εν Άθω ιεράς Μονής του Φιλοθέου, του Θεσσαλονικέως, Μιχαήλ, του δια Χριστόν σαλού, Νεομάρτυρος Νικηφόρου, Εγκαίνια ναού Αγίου Στεφάνου του εν Πλακιδιαναίς, Εγκαίνια Ναού Μάρκου Αποστόλου πλησίον του Ταύρου, Εγκαίνια της Μεγάλης του Χριστού Εκκλησίας εν Θεσσαλονίκη","Θεοδόσιος (Δόσης, Δόσιος, Θεοδόσης), Θεοδοσία (Θεοδόσω)",,,0,4,https://el.wikipedia.org/wiki/11_%CE%99%CE%B1%CE%BD%CE%BF%CF%85%CE%B1%CF%81%CE%AF%CE%BF%CF%85
20200112,"Μνήμη των αγίων οκτώ Μαρτύρων, Μαρτύρων Τατιανής, Ευθασίας, Μερτίου, Φιλοθέου, Ζωτικού, Ρογάτου, Μοδέστου, Καστουλίου, Πέτρου του Αβεσαλαμίτου, Αθανασίου του ομολογητού, Αγίου μάρτυρος Αρκαδίου, Ιερομάρτυρος Βασιλείου, Αγίου Βενεδίκτου, Οσίων Ευπραξίας, Μαρτινιανού, Γαλακτίωνος του δια Χριστόν σαλού, και Ηλιού του θαυματουργού του εν τω «Παραδείσω», Τιγρίου Πρεσβυτέρου και Ευτροπίου, Εϊλιανού εκ Ρώμης, Θεοδοσίου εκ Ρωσίας, Ιωάννου επισκόπου Ραβέννης, Σύναξις της Υπεραγίας Θεοτόκου της Μεσοπαντητίσσης εν Κρήτη, Σύναξις της Υπεραγίας Θεοτόκου της Γαλακτοτροφούσης, Σύναξις της Υπεραγίας Θεοτόκου του Ακαθίστου (της Μονής Χιλανδαρίου), Μνήμη Ναού Αγίου Αλεξάνδρου πλησίον των Αγίων Αποστόλων","Μέρτιος (Μέρτης, Μέρτος, Μύρτος), Μερτία (Μέρτα, Μέρτη, Μυρτιά), Τατιανή (Τάνια, Τατιάνα, Τάτια, Τίτη)",,,0,4,https://el.wikipedia.org/wiki/12_%CE%99%CE%B1%CE%BD%CE%BF%CF%85%CE%B1%CF%81%CE%AF%CE%BF%CF%85
20200113,"Μαρτύρων Ερμύλου και Στρατονίκου, Νικολάου του Γραικού, Αθανασίου Μάρτυρος, Παχωμίου και Παπυρίνου, Οσίων Ελεαζάρου, Ιακώβου του από της Νισίβεως και Μαξίμου του Καυσοκαλυβίτου, Ειρηνάρχου του Εγκλείστου, Ιλαρίου επισκόπου Πικτώνων, Ρεμιγίου επισκόπου Ρημών, Κεντιγκέρνου Επισκόπου, Εγκαίνια της μονής του Προφήτου Ηλιού","Ερμύλλος (Ερμίλλος), Ερμύλλη (Ερμίλλη, Ερμύλα)",,,0,5,https://el.wikipedia.org/wiki/13_%CE%99%CE%B1%CE%BD%CE%BF%CF%85%CE%B1%CF%81%CE%AF%CE%BF%CF%85
20200114,"Των Αγίων 38 Αββάδων των εν Σινά αναιρεθέντων και των Αγίων 33 Αββάδων των εν Ραϊθώ αναιρεθέντων, Νίνας Ισαποστόλου, Αγνής Μάρτυρος, Οσίων Θεοδούλου, Στεφάνου, Αδάμ, Σάββα πρώτου Αρχιεπισκόπου Σερβίας, Ιωαννικίου αρχιεπισκόπου Τυρνόβου, Μνήμη των οσίων πατέρων ημών Ακακίου, Ιωσήφ, Σεργίου, Αντωνίου, Βαρλαάμ, Ιώβ και Πέτρου, των εκ Ρωσίας","Νίνας, Νίνα",,,0,5,https://el.wikipedia.org/wiki/14_%CE%99%CE%B1%CE%BD%CE%BF%CF%85%CE%B1%CF%81%CE%AF%CE%BF%CF%85
20200115,"Μνήμη των αγίων εξ Πατέρων, Μαρτύρων Ελένης, Σεκουνδίνης, Ελπιδίου, Δάνακτος και Πανσοφίου, Οσίων Γαβριήλ, Προχόρου, Παύλου του Θηβαίου, Ιωάννου του «Καλυβίτου», Αλεξάνδρου του ακοιμήτου, Βαρλαάμ εκ Ρωσίας, Δανιήλ του Στυλίτου του εν Ευβοία, Ίτας της εξ Ιρλανδίας, Σαλώμης και Περοζράβας, των εκ Γεωργίας","Σεκούνδος, Σεκουνδίνη",,,4,5,https://el.wikipedia.org/wiki/15_%CE%99%CE%B1%CE%BD%CE%BF%CF%85%CE%B1%CF%81%CE%AF%CE%BF%CF%85
20200116,"Η προσκύνησις της τίμιας αλύσεως του αγίου και ενδόξου αποστόλου Πέτρου, Μαρτύρων Ελασίππου, Μεσίππου και Πευσίππου των αυταδέλφων και Νεονίλλης, Δάνακτος του αναγνώστου, εξ Αυλώνας Βορείου Ηπείρου, Νεομαρτύρων Δαμασκηνού του μοναχού και πρεσβυτέρου, του εν Γαμπρόβω Τυρνόβου και Νικολάου του Μυτιληναίου, Γερασίμου Παλλαδά, πατριάρχου Αλεξανδρείας, Ελπιδίου και Ελένης, Οσίου Ρωμύλου και των συν αυτώ, Οσίου Ονωράτου, αρχιεπισκόπου Αρελάτης, Αγίου Μαξίμου της Τόμτα, του δια Χριστόν σαλού","Ελάσιππος, Μέσιππος, Πεύσιππος",,,3,6,https://el.wikipedia.org/wiki/16_%CE%99%CE%B1%CE%BD%CE%BF%CF%85%CE%B1%CF%81%CE%AF%CE%BF%CF%85
20200117,"Αγίου Αντωνίου του Μεγάλου, Αντωνίου του νέου, του εν Βερροία ασκήσαντος, Αντωνίου αρχιεπισκόπου Νόβγκοροντ, Αντωνίου επισκόπου Βολογκντά και Αντωνίου του Μετεωρίτου, Οσίου Φιλοθέου του Μετεωρίτου, Αριστοτέλους και Αχιλλέως (Αχιλλά), Αγίου Μάρτυρος, Θεοδοσίου του ευσεβούς βασιλέως του Μεγάλου, Ιουνίλλας και Τουρβώνος, του νοταρίου, Νεομάρτυρος Γεωργίου του εν Ιωαννίνοις, εκ Τσούρχλιου Γρεβενών","Αντώνιος (Αντώνας, Αντώνης, Αντωνίνος, Νάκος, Τόνης, Τόνυ), Αντωνία (Αντωνίνα, Τόνια), Θεοδόσιος (Δόσης, Δόσιος, Θεοδόσης), Θεοδοσία (Θεοδόσω)",,,4,6,https://el.wikipedia.org/wiki/17_%CE%99%CE%B1%CE%BD%CE%BF%CF%85%CE%B1%CF%81%CE%AF%CE%BF%CF%85
20200118,"Αθανασίου και Κυρίλλου πατριαρχών Αλεξανδρείας, Οσίου Αθανασίου, του δια Χριστόν σαλού, Οσίου Αθανασίου εκ Ρωσίας, Μάρτυρος Θεοδούλης και των συν αυτή Ελλαδίου του Κομενταρησίου, Θεοδούλου, Βοηθού, Ευαγρίου, Μακαρίου, Αγίας μάρτυρος Ξένης, Οσίων Σιλβάνου, Εφραιμίου επισκόπου Μηλασσών και Μαρκιανού του από Κύπρου, Ιωακείμ εκ Βουλγαρίας, Εφραίμ και Αλεξίου, των εκ Γεωργίας, Μαξίμου επισκόπου Ουγγροβλαχίας","Αθανάσιος (Θανάσης, Θανάσος, Θάνος, Νάσος), Αθανασία (Θανασία, Νάσα, Νάσια, Νάνσυ), Κύριλλος, Κυριλλία (Κυρίλλα, Κυρίλλη), Θεόδουλος (Θεοδούλιος, Θεοδούλης), Θεοδουλία (Θεοδούλα, Θεοδούλη, Θεόδουλη)",,,3,6,https://el.wikipedia.org/wiki/18_%CE%99%CE%B1%CE%BD%CE%BF%CF%85%CE%B1%CF%81%CE%AF%CE%BF%CF%85
20200119,"Μάρκου του Ευγενικού, επισκόπου Εφέσου, Οσίων Μακαρίου του Αιγυπτίου, Μακαρίου του Αλεξανδρέως, Μακαρίου επισκόπου Ιερισσού, Μακαρίου (Καλογερά) ιεροδιακόνου του Πατμίου, Μακαρίου του Νηστευτού, Μακαρίου Ρωμαίου, Αρσενίου αρχιεπισκόπου Κερκύρας, Μαρτύρων Ευφρασίας, Λουκιανού, Παύλης και των νηπίων Κλαυδίου, Υπατίου, Παύλου και Διονυσίου, Μαρτύρων Παύλου, Γεροντίου, Ιανουαρίου, Σατουρνίνου, Σακεσσίου, Ιουλίου, Κατίου, Πίου και Γερμανού, Κοσμά του «Χρυσοστομάτου», Θεοδότου επισκόπου Κυρηνείας, των εν Κύπρω, Μελετίου ομολογητού του Γαλησιώτου, Αντωνίου του Στυλίτου, Θεοδώρου του Νόβγκοροντ, του δια Χριστόν σαλού, Ανάμνησις του εν Νικαία μεγίστου θαύματος Μεγάλου Βασιλείου, Ανακομιδή του λειψάνου του Αγίου Γρηγορίου του Θεολόγου, Επάνοδος του ιερού λειψάνου του Οσίου Ευθυμίου του Μεγάλου, Η μετακομιδή των ιερών λειψάνων του Οσίου πατρός ημών Σάββα της Στορόζα της Ρωσίας","Μακάριος (Μακαράς, Μακάρης), Μακαρία (Μακάρω), Ευφράσιος (Ευφράσας, Ευφράσης, Φράσας, Φράσης, Φράσιος), Ευφρασία",,,0,6,https://el.wikipedia.org/wiki/19_%CE%99%CE%B1%CE%BD%CE%BF%CF%85%CE%B1%CF%81%CE%AF%CE%BF%CF%85
20200120,"Αγίου Ευθυμίου του Μεγάλου, Ευθυμίου Αρχιεπισκόπου Τυρνόβου, Ευθυμίου εκ Ρωσίας και Ευθυμίου Ησυχαστού, Οσίων Λαυρεντίου Εγκλείστου και Θεοδώρου Δικαίου, Μαρτύρων Βασιλείδου, Βάσσου, Ευσεβίου και Ευτυχίου, των Συγκλητικών, Μαρτύρων Αγνής και Θύρσου, Μαρτύρων Άννης και Ευσεβίου, Μαρτύρων Ιννά, Πιννά και Ριμμά «των κρυσταλλίνων», Νεομάρτυρος Ζαχαρίου του Αρταίου, του εν παλαιαίς Πάτραις, Πέτρου του τελώνου, Λέοντος του ευσεβέστατου βασιλέως, του καλουμένου Μακέλλη, του Θρακός","Ευθύμιος (Ευθύμης, Θέμης, Θύμιος), Ευθυμία, Θύρσος (Θύρσης), Θύρσα (Θύρση)",,Παγκόσμια Ημέρα κατά της Λέπρας,3,7,https://el.wikipedia.org/wiki/20_%CE%99%CE%B1%CE%BD%CE%BF%CF%85%CE%B1%CF%81%CE%AF%CE%BF%CF%85
20200121,"Πάντων των αγίων Μαρτύρων, «οίτινες εμαρτύρησαν από του χρόνου του Στεφάνου μέχρι της παρούσης ημέρας», Μαξίμου του ομολογητού, Μαξίμου του Γραικού, αναμορφωτή της Ρωσικής Εκκλησίας, Των αγίων τεσσάρων Μαρτύρων, Μαρτύρων Αναστασίου, Πατρόκλου Αγνής και Νεοφύτου, Μαρτύρων Γαβριήλ, Σιωνίου και των συν αυτοίς, Ακύλα, Ευγενίου, Κανδίδου και Ουαλεριανού, Ζωσίμου επισκόπου Συρακούσης και Νεοφύτου του προσμοναρίου, του εν Βατοπεδίω, Οσίων Απολλωνίου, Τίμωνος και Νεοφύτου, Σύναξις της Αγίας Ειρήνης εν τη αγιωτάτη Εκκλησία και Εγκαίνια Ναού Αγίας Ειρήνης, Σύναξις της Υπεραγίας Θεοτόκου της Παραμυθίας","Μάξιμος, Μάξιμη (Μάξιμα), Αγνή, Νεόφυτος, Νεοφυτία (Νεοφύτη), Πάτροκλος (Πατροκλέας, Πατρόκλειος, Πατροκλής), Πατρόκλεια (Πάτρα, Πατροκλά), Ευγένιος (Ευγένης), Ευγένια (Ευγενεία, Ευγενίκη, Τζένη)",,Παγκόσμια Ημέρα Αγκαλιάς,0,7,https://el.wikipedia.org/wiki/21_%CE%99%CE%B1%CE%BD%CE%BF%CF%85%CE%B1%CF%81%CE%AF%CE%BF%CF%85
20200122,"Τιμοθέου Αποστόλου, επισκόπου και μάρτυρος, Οσιομάρτυρος Αναστασίου του Πέρσου, Γεωργίου επισκόπου Δεβελτού, Μανουήλ μητροπολίτου Αδριανουπόλεως Πέτρου αρχιερέως, Λέοντος επισκόπου Νικαίας, Σιωνίου, Γαβριήλ, Ιωάννου και Λέοντος των στρατηγών, Παρόδου πρεσβυτέρου και των λοιπών τριακοσίων εβδομήντα επτά (377) Μαρτύρων, Γαυδεντίου επισκόπου Νοβάρα, Βικεντίου και Αναστασίου των διακόνων, Οσίου Ιωσήφ (Σαμάκου) ηγιασμένου, του εξ Αζοκεράμου της Κρήτης και νυν εν Ζακύνθω, Οσίου Μακαρίου εκ Ρωσίας, Αγίου Ιωάσαφ, φωτιστού της Αλάσκας, Ανάμνηση ευρέσεως εικόνος Παναγίας Ελεηστρίας","Τιμόθεος (Θέος, Τιμάς, Τίμης, Τίμος), Τιμοθέη (Θέα, Θέη, Τίμα, Τίμη, Τιμοθέα), Αναστάσιος (Αναστάσης, Ανέστης), Αναστασία (Νατάσα, Νατάσσα, Σία, Τάσα, Τασία, Τασσώ, Τατία, Τέσα, Τέσσυ)",,,4,7,https://el.wikipedia.org/wiki/22_%CE%99%CE%B1%CE%BD%CE%BF%CF%85%CE%B1%CF%81%CE%AF%CE%BF%CF%85
20200123,"Κλήμεντος ιερομάρτυρος, επισκόπου Αγκύρας, Μάρτυρος Αγαθαγγέλου, Μνήμη των αγίων δύο Μαρτύρων, Αγίων ιερομαρτύρων Βλαδιμήρου, μητροπολίτου Κιέβου και Ανατολίου, επισκόπου Οδησσού, Αχολίου επισκόπου Θεσσαλονίκης, Αθανασίου αναγνώστου, Οσίων Διονυσίου του εν Ολύμπω, Αλεξάνδρου εκ Ρωσίας, Γενναδίου εκ Λιθουανίας, Ευσεβίου ηγουμένου εν τη μονή του αββά Αμμωνίου, Μαυσιμά του Σύρου και Σαλαμάνου του ησυχαστού, Σύναξις πάντων των εν Κοστρόμα της Ρωσίας διαλαμψάντων Αγίων, Σύναξις της Υπεραγίας Θεοτόκου της Δακρυροούσσης","Αγαθάγγελος, Αγαθαγγέλα (Αγαθαγγέλη), Διονύσιος (Διονύσης, Νιόνιος, Ντένης, Νύσης), Διονυσία (Νύσα, Ντενίζ, Σίσσυ)",,,0,7,https://el.wikipedia.org/wiki/23_%CE%99%CE%B1%CE%BD%CE%BF%CF%85%CE%B1%CF%81%CE%AF%CE%BF%CF%85
20200124,"Οσίας Ξένης, της δια Χριστόν σαλής και των δύο αυτής θεραπαινίδων, Ιερομάρτυρος Βαβύλα του εν Σικελία και των μαθητών αυτού, Τιμοθέου και Αγαπίου, Νεοφύτου του Εγκλείστου, Φίλωνος του θαυματουργού και Θεοπρόβου, επισκόπων Καρπασίας, Μαρτύρων Θεοδοτίωνος, Παύλου και Παυσιρίου αυταδέλφων, Βαρσίμου και των δύο αυτού αδελφών, Ελλαδίου του Κομενταρησίου, Χρυσοπλόκης, Ιωάννου εκ Καζάν, Οσιομάρτυρα Κάντοκ, Οσίων Ζωσιμά και Μακεδονίου του «κριθοφάγου», Ερμογένους και Φιλήμονος επισκόπου Καρπάθου, Φιλιππικού του πρεσβυτέρου, Των επτά Οσίων της Μονής Φιλοθέου, Φιλόθεου πρωτίστου δομήτορος αυτής, Θεοδοσίου ηγουμένου και μητροπολίτου Τραπεζούντας, Διονυσίου και Συμεώνος, Δομετίου του ησυχαστού, Δαμιανού και ιερομάρτυρος Κοσμά του ισαποστόλου, Ανάμνηση της θαυματουργικής διάσωσης του Αγίου Νεοφύτου, Ανακομιδή Λειψάνων Αναστασίου του Πέρσου, Μνήμη εγκαινίων Ναού Ιωάννου Προδρόμου, πλησίον του Ταύρου, Μνήμη των εγκαινίων του ναού του Αγίου Ζαχαρίου, Ανάμνησις των εγκαινίων της μεγάλης εκκλησίας εν Θεσσαλονίκη","Ξένος (Ξένιος), Ξένη (Ξένια), Φίλων (Φίλωνας), Φιλονίλλη, Ηλιανός, Ηλιανή (Ηλιάνα, Ιλιάνα, Λιάνα)",,,4,0,https://el.wikipedia.org/wiki/24_%CE%99%CE%B1%CE%BD%CE%BF%CF%85%CE%B1%CF%81%CE%AF%CE%BF%CF%85
20200125,"Γρηγορίου αρχιεπισκόπου Κωνσταντινουπόλεως, του Θεολόγου, Μάρτυρος Μεδούλης και της συνοδείας αυτής, Νεομάρτυρος Αυξεντίου του εκ Βελλάς, Αγίου Βρεταννίου, Οσίων Απολλώ, Δημητρίου του σκευοφύλακος, Καστίνου επισκόπου Βυζαντίου και Μάρη του ψάλτου, Οσιομάρτυρος Ελισάβετ, Πουπλίου του εν τω Ευφράτη και Θεοδότου ηγουμένου της μονής «Πουπλίου», Μωϋσέως, αρχιεπισκόπου Νόβγκοροντ, του Θαυματουργού, Βλαδιμήρου Μητροπολίτου Κιέβου, Βασσιανού, αρχιεπισκόπου Ροστόβ, Οσίου Ανατολίου της Όπτινα, Γαβριήλ εκ Γεωργίας, Σύναξη πάντων των εν Ρωσία αγίων Νεομαρτύρων, Σύναξη Υπεραγίας Θεοτόκου της Παραμυθίας εν Ρωσία","Γρηγόριος (Γόλης, Γρηγόρης), Γρηγορία, Μαργαρίτα (Ρίτα)",,,3,0,https://el.wikipedia.org/wiki/25_%CE%99%CE%B1%CE%BD%CE%BF%CF%85%CE%B1%CF%81%CE%AF%CE%BF%CF%85
20200126,"Οσίου Ξενοφώντος, της συμβίας αυτού Μαρίας και των τέκνων αυτού Αρκαδίου και Ιωάννου, Ιερομάρτυρος Ανανίου, Πέτρου δεσμοφύλακος και των συν αυτοίς επτά στρατιωτών, Μνήμη των αγίων δύο Μαρτύρων, Οσίων Συμεών, του επιλεγομένου Παλαιού, Κλήμεντος του εν τω Σαγματίω όρει, Αμμωνά, Αρκαδίου και Γαβριήλ, Ξενοφώντος, κτίτορος της εν Άθω ομωνύμου μονής, Αγίου Δαυίδ, βασιλέως της Γεωργίας, Γαβριήλ Μητροπολίτου Νόβγκοροντ, Κυρίλλου Μητροπολίτου Καζάν, Μνήμη του μεγάλου σεισμού, Μνήμη ανακομιδής των ιερών λειψάνων του Οσίου Θεοδώρου του Στουδίτου","Ξενοφών (Ξενοφώντας, Φόνης, Φόντας, Φώντας), Ξενοφωντία (Ξένια, Ξενοφώντη, Ξενοφωντίνα)",,,0,0,https://el.wikipedia.org/wiki/26_%CE%99%CE%B1%CE%BD%CE%BF%CF%85%CE%B1%CF%81%CE%AF%CE%BF%CF%85
20200127,"Ανακομιδή λειψάνων Ιωάννου Χρυσοστόμου, Κλήμεντος οσίου του Αθηναίου, Δημητριανού επισκόπου Ταμασού Κύπρου, του Θαυματουργού, Νεομάρτυρος Δημητρίου οινοπώλου του εν Κωνσταντινουπόλει, Οσίου Τίτου, του εκ Κιέβου, Μαρκιανής της βασιλίσσης, Κλαυδίνου, Κλήμεντος του Στυλίτου, Πέτρου του Αιγυπτίου, Πέτρου Ζβέρεφ, Άσκιοτ Βασιλέως","Κλαύδιος (Κλαυδίνος), Κλαύδια (Κλό, Κλόντια, Κλώντια)",,Διεθνής Ημέρα Μνήμης για τα Θύματα του Ολοκαυτώματος,3,0,https://el.wikipedia.org/wiki/27_%CE%99%CE%B1%CE%BD%CE%BF%CF%85%CE%B1%CF%81%CE%AF%CE%BF%CF%85
20200128,"Εφραίμ Σύρου, Εφραίμ εκ Ρωσίας, Εφραίμ εκ Κιέβου, Ισαάκ του Σύρου, Χάριτος μάρτυρος, Οσίων Ιακώβου του ασκητού, Ιακώβου του Ιβηροσκητιώτου, Θεοδοσίου της Τότμα και Παλλαδίου του Μεγάλου, Μάρτυρος Γεωργίου, Μνήμη των αγίων δύο Μαρτύρων, Μνήμη πάντων των ερημιτών","Χαριτίων (Χαρίτος, Χαρίτων, Χαρίτωνας), Χαριτίνη (Τίνα, Χαρά, Χάρις, Χαρίτη, Χαριτίνα), Παλλάδιος (Παλάδης, Παλάδιος, Παλλάδης), Παλλαδία (Παλάδα, Παλαδία, Παλλάδα)",,Ευρωπαϊκή Ημέρα Προστασίας των Προσωπικών Δεδομένων,0,1,https://el.wikipedia.org/wiki/28_%CE%99%CE%B1%CE%BD%CE%BF%CF%85%CE%B1%CF%81%CE%AF%CE%BF%CF%85
20200129,"Ανακομιδή λειψάνων Ιερομάρτυρος Ιγνατίου Θεοφόρου, Νεομάρτυρος Δημητρίου του εκ Χίου, Μαρτύρων Σιλουανού επισκόπου Εμέσης, Λουκά διακόνου και Μωκίου αναγνώστου, Μάρτυρος Βαρσιμαίου, επισκόπου Εδέσσης, Μνήμη των αγίων επτά μαρτύρων Αβίβου, Ιακώβου, Ιουλιανού, Παρηγορίου, Ρωμανού, Υπερεχίου και Φιλόθεου, των εν Σαμοσάτοις τελειωθέντων, Μαρτύρων Παπίου και Μαύρου, Σαβινιανού και Ασωτίου, του εκ Γεωργίας, Μάρτυρος Χρυσής, Ιερομάρτυρα Κωνσταντίου, Ακυλίνου Πρεσβυτέρου, Βεβαίας και Σαρβήλου, των αυταδέλφων, Οσίων Ακεψιμά, Αφραάτου, Λαυρεντίου του εκ Κιέβου, Ιγνατίου του Σιναΐτου, Αγίων Γερασίμου, Ιωνά και Πιτιρίμ των εκ Ρωσίας, Αγίου Γκίλντας","Βαρσιμαίος (Βαλσάμης, Βαρσάμης), Βαρσαμία (Βαλσαμία, Βαλσάμω, Βαρσάμω)",,,4,1,https://el.wikipedia.org/wiki/29_%CE%99%CE%B1%CE%BD%CE%BF%CF%85%CE%B1%CF%81%CE%AF%CE%BF%CF%85
20200130,"Των Τριών Ιεραρχών, Ιππολύτου Ρώμης και των συν αυτώ Κυριακού επισκόπου, Μαξίμου και Μαξίμου πρεσβυτέρων, Αρχελάου διακόνου, Αμανδίνου, Χρυσής (Αΰρας), Βενερίου, Ερκουλίου, Ερμού, Ευσεβίου, Θεοδώρου του «τριβουνίου», Κενσουρίνου, Κομόδου, Κύπρου, Μαύρου, Μήνα, Μοναγρίου, Ολυμπίνου, Ρουστικίου, Σαβαΐνου, Στυρακίου και Φήλικος, Ιππολύτου Πρεσβυτέρου, Μαρτύρων Φελισιανού, Φιλιππιανού και των συν αυτοίς, Θεοφίλου του Νέου, Οσίου Κυριακού, Νεομάρτυρος Θεοδώρου Χατζή, του Μυτιληναίου, Ζήνωνος του Νηστευτού, Πέτρου, Βασιλέως των Βουλγάρων, Ανάμνησις ευρέσεως εν Τήνω της ιεράς εικόνος της Ευαγγελιστρίας, Ανάμνηση θαύματος Μεγαλομάρτυρος Γεωργίου","Αύρα, Μαύρος (Μαυροειδής, Μαυρουδής), Μαύρα (Μαυρέτα, Μαύρη), Χρυσή (Σήλια, Χρύσα, Χρυσαλία, Χρυσούλα)",,Επίσημη αργία (παιδεία): Τριών Ιεραρχών,3,1,https://el.wikipedia.org/wiki/30_%CE%99%CE%B1%CE%BD%CE%BF%CF%85%CE%B1%CF%81%CE%AF%CE%BF%CF%85
20200131,"Κύρου και Ιωάννη Αναργύρων και των συν αυτών μαρτύρων, Μαρτύρων Αθανασίας και των τριών αυτής θυγατέρων και παρθένων Θεοδότης, Θεοκτίστης και Ευδοξίας, Μαρτύρων Ουϊκτωρίνου, Ουΐκτωρος, Διόδωρου, Κλαυδίου, Νικηφόρου, Παππία και Σαραπίνου, των εν Κορίνθω, Μαρτύρων Ταρσιζίου, Ζωτικού, Κυριακού και Σωκίου, Μαρτύρων Σατουρνίνου, Θύρσου και Βίκτωρος, Μαρτύρων Μαρκέλλης και Μετρανού, Μάρτυρος Τρυφαίνης, Γερμινιανού του Θαυματουργού, Αγίου Ιουλίου του Πρεσβυτέρου του εξ Αιγίνης, Οσίου Αρσενίου του εν Πάρω, Οσίου Νικήτα εκ Κιέβου, Οσιομάρτυρος Ηλία (Αρδούνη), του εν Καλαμάτα, Σύναξη της Υπεραγίας Θεοτόκου της Κορωνιωτίσσης ή Δακρυρροούσης","Κύρος (Κύρης), Κύρα (Κυρά, Κυράτσα, Κυράτση, Κυρατσούδα, Κυράτσω), Ευδόξιος (Δόξης, Ευδόξης), Ευδοξία (Δόξα, Εύη)",,,0,2,https://el.wikipedia.org/wiki/31_%CE%99%CE%B1%CE%BD%CE%BF%CF%85%CE%B1%CF%81%CE%AF%CE%BF%CF%85
20200200,Φεβρουάριος,,,,,,https://el.wikipedia.org/wiki/%CE%A6%CE%B5%CE%B2%CF%81%CE%BF%CF%85%CE%AC%CF%81%CE%B9%CE%BF%CF%82
20200201,"Προεόρτια Υπαπαντής, Μαρτύρων Τρύφωνος, Περπετούας και των συν αυτή, Θεΐωνος και των δύο παίδων, Μεγαλομάρτυρα Ηλία, Καρίωνος, Ρευκάτου, Σατορνίλλου, Σατίρου, Σεκούνδου και Φηλικιτάτης, Νεομάρτυρος Αναστασίου του εκ Ναυπλίου, Οσίων Βασιλείου αρχιεπισκόπου Θεσσαλονίκης του ομολογητού του εξ Αθηνών και Βενδιμιανού, Οσίων Πέτρου του εν Γαλατία, Αντωνίου του ερημίτου και Τιμοθέου του ομολογητού, Οσίας Μπριντζίτας, προστάτιδος της Ιρλανδίας, Αυταδέλφων Γεωργίου επισκόπου, Δαβίδ και Συμεώνος του νέου Στυλίτου, των εκ Μυτιλήνης, Αδριανού, Πολυεύκτου, Πλάτωνος και Γεωργίου των εν Μεγάροις μαρτύρων, Μνήμη των εγκαινίων του ναού του Σωτήρος Χριστού εν Αρμουλαδή",,,,0,2,https://el.wikipedia.org/wiki/1_%CE%A6%CE%B5%CE%B2%CF%81%CE%BF%CF%85%CE%B1%CF%81%CE%AF%CE%BF%CF%85
20200202,"Υπαπαντή Ιησού Χριστού, Μάρτυρος Αγαθοδώρου, νεομάρτυρος Ιορδάνου του εκ Τραπεζούντας και Οσιομάρτυρος Γαβριήλ, Οσίου Ευθυμίου του εκ Γεωργίας, Σύναξη της Υπεραγίας Θεοτόκου Απεκοής, Σύναξη της Υπεραγίας Θεοτόκου Γουμενίσσης, Σύναξη της Υπεραγίας Θεοτόκου Κακιάς Μέλισσας, Σύναξη της Υπεραγίας Θεοτόκου της Υπαπαντής, Σύναξη της Υπεραγίας Θεοτόκου της Φλεβαριωτίσσης ή Λιβύης, Σύναξη της Υπεραγίας Θεοτόκου της Φλεβαριωτίσσης Σαλαμίνος, Σύναξη της Υπεραγίας Θεοτόκου της Χρυσαλινιωτίσσης",,,,2,2,https://el.wikipedia.org/wiki/2_%CE%A6%CE%B5%CE%B2%CF%81%CE%BF%CF%85%CE%B1%CF%81%CE%AF%CE%BF%CF%85
20200203,Η κατά σάρκα Περιτομή του Ιησού Χριστού,Ααρών,,Επίσημη αργία: Πρωτοχρονιά,0,2,https://el.wikipedia.org/wiki/3_%CE%A6%CE%B5%CE%B2%CF%81%CE%BF%CF%85%CE%B1%CF%81%CE%AF%CE%BF%CF%85
20200204,Η κατά σάρκα Περιτομή του Ιησού Χριστού,Ααρών,,Επίσημη αργία: Πρωτοχρονιά,0,3,https://el.wikipedia.org/wiki/4_%CE%A6%CE%B5%CE%B2%CF%81%CE%BF%CF%85%CE%B1%CF%81%CE%AF%CE%BF%CF%85
20200205,Η κατά σάρκα Περιτομή του Ιησού Χριστού,Ααρών,,Επίσημη αργία: Πρωτοχρονιά,0,3,https://el.wikipedia.org/wiki/5_%CE%A6%CE%B5%CE%B2%CF%81%CE%BF%CF%85%CE%B1%CF%81%CE%AF%CE%BF%CF%85
20200206,Η κατά σάρκα Περιτομή του Ιησού Χριστού,Ααρών,,Επίσημη αργία: Πρωτοχρονιά,0,3,https://el.wikipedia.org/wiki/6_%CE%A6%CE%B5%CE%B2%CF%81%CE%BF%CF%85%CE%B1%CF%81%CE%AF%CE%BF%CF%85
20200207,Η κατά σάρκα Περιτομή του Ιησού Χριστού,Ααρών,,Επίσημη αργία: Πρωτοχρονιά,0,3,https://el.wikipedia.org/wiki/7_%CE%A6%CE%B5%CE%B2%CF%81%CE%BF%CF%85%CE%B1%CF%81%CE%AF%CE%BF%CF%85
20200208,Η κατά σάρκα Περιτομή του Ιησού Χριστού,Ααρών,,Επίσημη αργία: Πρωτοχρονιά,3,4,https://el.wikipedia.org/wiki/8_%CE%A6%CE%B5%CE%B2%CF%81%CE%BF%CF%85%CE%B1%CF%81%CE%AF%CE%BF%CF%85
20200209,Η κατά σάρκα Περιτομή του Ιησού Χριστού,Ααρών,,Επίσημη αργία: Πρωτοχρονιά,0,4,https://el.wikipedia.org/wiki/9_%CE%A6%CE%B5%CE%B2%CF%81%CE%BF%CF%85%CE%B1%CF%81%CE%AF%CE%BF%CF%85
20200210,Η κατά σάρκα Περιτομή του Ιησού Χριστού,Ααρών,,Επίσημη αργία: Πρωτοχρονιά,0,4,https://el.wikipedia.org/wiki/10_%CE%A6%CE%B5%CE%B2%CF%81%CE%BF%CF%85%CE%B1%CF%81%CE%AF%CE%BF%CF%85
20200211,Η κατά σάρκα Περιτομή του Ιησού Χριστού,Ααρών,,Επίσημη αργία: Πρωτοχρονιά,0,5,https://el.wikipedia.org/wiki/11_%CE%A6%CE%B5%CE%B2%CF%81%CE%BF%CF%85%CE%B1%CF%81%CE%AF%CE%BF%CF%85
20200212,Η κατά σάρκα Περιτομή του Ιησού Χριστού,Ααρών,,Επίσημη αργία: Πρωτοχρονιά,0,5,https://el.wikipedia.org/wiki/12_%CE%A6%CE%B5%CE%B2%CF%81%CE%BF%CF%85%CE%B1%CF%81%CE%AF%CE%BF%CF%85
20200213,Η κατά σάρκα Περιτομή του Ιησού Χριστού,Ααρών,,Επίσημη αργία: Πρωτοχρονιά,0,5,https://el.wikipedia.org/wiki/13_%CE%A6%CE%B5%CE%B2%CF%81%CE%BF%CF%85%CE%B1%CF%81%CE%AF%CE%BF%CF%85
20200214,Η κατά σάρκα Περιτομή του Ιησού Χριστού,Ααρών,,Επίσημη αργία: Πρωτοχρονιά,0,5,https://el.wikipedia.org/wiki/14_%CE%A6%CE%B5%CE%B2%CF%81%CE%BF%CF%85%CE%B1%CF%81%CE%AF%CE%BF%CF%85
20200215,Η κατά σάρκα Περιτομή του Ιησού Χριστού,Ααρών,,Επίσημη αργία: Πρωτοχρονιά,0,6,https://el.wikipedia.org/wiki/15_%CE%A6%CE%B5%CE%B2%CF%81%CE%BF%CF%85%CE%B1%CF%81%CE%AF%CE%BF%CF%85
20200216,Η κατά σάρκα Περιτομή του Ιησού Χριστού,Ααρών,,Επίσημη αργία: Πρωτοχρονιά,0,6,https://el.wikipedia.org/wiki/16_%CE%A6%CE%B5%CE%B2%CF%81%CE%BF%CF%85%CE%B1%CF%81%CE%AF%CE%BF%CF%85
20200217,Η κατά σάρκα Περιτομή του Ιησού Χριστού,Ααρών,,Επίσημη αργία: Πρωτοχρονιά,0,6,https://el.wikipedia.org/wiki/17_%CE%A6%CE%B5%CE%B2%CF%81%CE%BF%CF%85%CE%B1%CF%81%CE%AF%CE%BF%CF%85
20200218,Η κατά σάρκα Περιτομή του Ιησού Χριστού,Ααρών,,Επίσημη αργία: Πρωτοχρονιά,0,6,https://el.wikipedia.org/wiki/18_%CE%A6%CE%B5%CE%B2%CF%81%CE%BF%CF%85%CE%B1%CF%81%CE%AF%CE%BF%CF%85
20200219,Η κατά σάρκα Περιτομή του Ιησού Χριστού,Ααρών,,Επίσημη αργία: Πρωτοχρονιά,4,7,https://el.wikipedia.org/wiki/19_%CE%A6%CE%B5%CE%B2%CF%81%CE%BF%CF%85%CE%B1%CF%81%CE%AF%CE%BF%CF%85
20200220,Η κατά σάρκα Περιτομή του Ιησού Χριστού,Ααρών,,Επίσημη αργία: Πρωτοχρονιά,0,7,https://el.wikipedia.org/wiki/20_%CE%A6%CE%B5%CE%B2%CF%81%CE%BF%CF%85%CE%B1%CF%81%CE%AF%CE%BF%CF%85
20200221,Η κατά σάρκα Περιτομή του Ιησού Χριστού,Ααρών,,Επίσημη αργία: Πρωτοχρονιά,4,7,https://el.wikipedia.org/wiki/21_%CE%A6%CE%B5%CE%B2%CF%81%CE%BF%CF%85%CE%B1%CF%81%CE%AF%CE%BF%CF%85
20200222,Η κατά σάρκα Περιτομή του Ιησού Χριστού,Ααρών,,Επίσημη αργία: Πρωτοχρονιά,0,0,https://el.wikipedia.org/wiki/22_%CE%A6%CE%B5%CE%B2%CF%81%CE%BF%CF%85%CE%B1%CF%81%CE%AF%CE%BF%CF%85
20200223,Η κατά σάρκα Περιτομή του Ιησού Χριστού,Ααρών,,Επίσημη αργία: Πρωτοχρονιά,0,0,https://el.wikipedia.org/wiki/23_%CE%A6%CE%B5%CE%B2%CF%81%CE%BF%CF%85%CE%B1%CF%81%CE%AF%CE%BF%CF%85
20200224,Η κατά σάρκα Περιτομή του Ιησού Χριστού,Ααρών,,Επίσημη αργία: Πρωτοχρονιά,1,0,https://el.wikipedia.org/wiki/24_%CE%A6%CE%B5%CE%B2%CF%81%CE%BF%CF%85%CE%B1%CF%81%CE%AF%CE%BF%CF%85
20200225,Η κατά σάρκα Περιτομή του Ιησού Χριστού,Ααρών,,Επίσημη αργία: Πρωτοχρονιά,1,0,https://el.wikipedia.org/wiki/25_%CE%A6%CE%B5%CE%B2%CF%81%CE%BF%CF%85%CE%B1%CF%81%CE%AF%CE%BF%CF%85
20200226,Η κατά σάρκα Περιτομή του Ιησού Χριστού,Ααρών,,Επίσημη αργία: Πρωτοχρονιά,1,1,https://el.wikipedia.org/wiki/26_%CE%A6%CE%B5%CE%B2%CF%81%CE%BF%CF%85%CE%B1%CF%81%CE%AF%CE%BF%CF%85
20200227,Η κατά σάρκα Περιτομή του Ιησού Χριστού,Ααρών,,Επίσημη αργία: Πρωτοχρονιά,1,1,https://el.wikipedia.org/wiki/27_%CE%A6%CE%B5%CE%B2%CF%81%CE%BF%CF%85%CE%B1%CF%81%CE%AF%CE%BF%CF%85
20200228,Η κατά σάρκα Περιτομή του Ιησού Χριστού,Ααρών,,Επίσημη αργία: Πρωτοχρονιά,1,1,https://el.wikipedia.org/wiki/28_%CE%A6%CE%B5%CE%B2%CF%81%CE%BF%CF%85%CE%B1%CF%81%CE%AF%CE%BF%CF%85
20200229,Η κατά σάρκα Περιτομή του Ιησού Χριστού,Ααρών,,Επίσημη αργία: Πρωτοχρονιά,1,1,https://el.wikipedia.org/wiki/29_%CE%A6%CE%B5%CE%B2%CF%81%CE%BF%CF%85%CE%B1%CF%81%CE%AF%CE%BF%CF%85
20200300,Μάρτιος,,,,,,https://el.wikipedia.org/wiki/%CE%9C%CE%AC%CF%81%CF%84%CE%B9%CE%BF%CF%82
20200301,Η κατά σάρκα Περιτομή του Ιησού Χριστού,Ααρών,,Επίσημη αργία: Πρωτοχρονιά,1,2,https://el.wikipedia.org/wiki/1_%CE%9C%CE%B1%CF%81%CF%84%CE%AF%CE%BF%CF%85
20200302,Η κατά σάρκα Περιτομή του Ιησού Χριστού,Ααρών,,Επίσημη αργία: Πρωτοχρονιά,4,2,https://el.wikipedia.org/wiki/2_%CE%9C%CE%B1%CF%81%CF%84%CE%AF%CE%BF%CF%85
20200303,Η κατά σάρκα Περιτομή του Ιησού Χριστού,Ααρών,,Επίσημη αργία: Πρωτοχρονιά,4,2,https://el.wikipedia.org/wiki/3_%CE%9C%CE%B1%CF%81%CF%84%CE%AF%CE%BF%CF%85
20200304,Η κατά σάρκα Περιτομή του Ιησού Χριστού,Ααρών,,Επίσημη αργία: Πρωτοχρονιά,4,3,https://el.wikipedia.org/wiki/4_%CE%9C%CE%B1%CF%81%CF%84%CE%AF%CE%BF%CF%85
20200305,Η κατά σάρκα Περιτομή του Ιησού Χριστού,Ααρών,,Επίσημη αργία: Πρωτοχρονιά,4,3,https://el.wikipedia.org/wiki/5_%CE%9C%CE%B1%CF%81%CF%84%CE%AF%CE%BF%CF%85
20200306,Η κατά σάρκα Περιτομή του Ιησού Χριστού,Ααρών,,Επίσημη αργία: Πρωτοχρονιά,4,3,https://el.wikipedia.org/wiki/6_%CE%9C%CE%B1%CF%81%CF%84%CE%AF%CE%BF%CF%85
20200307,Η κατά σάρκα Περιτομή του Ιησού Χριστού,Ααρών,,Επίσημη αργία: Πρωτοχρονιά,3,3,https://el.wikipedia.org/wiki/7_%CE%9C%CE%B1%CF%81%CF%84%CE%AF%CE%BF%CF%85
20200308,Η κατά σάρκα Περιτομή του Ιησού Χριστού,Ααρών,,Επίσημη αργία: Πρωτοχρονιά,3,4,https://el.wikipedia.org/wiki/8_%CE%9C%CE%B1%CF%81%CF%84%CE%AF%CE%BF%CF%85
20200309,Η κατά σάρκα Περιτομή του Ιησού Χριστού,Ααρών,,Επίσημη αργία: Πρωτοχρονιά,4,4,https://el.wikipedia.org/wiki/9_%CE%9C%CE%B1%CF%81%CF%84%CE%AF%CE%BF%CF%85
20200310,Η κατά σάρκα Περιτομή του Ιησού Χριστού,Ααρών,,Επίσημη αργία: Πρωτοχρονιά,4,4,https://el.wikipedia.org/wiki/10_%CE%9C%CE%B1%CF%81%CF%84%CE%AF%CE%BF%CF%85
20200311,Η κατά σάρκα Περιτομή του Ιησού Χριστού,Ααρών,,Επίσημη αργία: Πρωτοχρονιά,4,4,https://el.wikipedia.org/wiki/11_%CE%9C%CE%B1%CF%81%CF%84%CE%AF%CE%BF%CF%85
20200312,Η κατά σάρκα Περιτομή του Ιησού Χριστού,Ααρών,,Επίσημη αργία: Πρωτοχρονιά,4,5,https://el.wikipedia.org/wiki/12_%CE%9C%CE%B1%CF%81%CF%84%CE%AF%CE%BF%CF%85
20200313,Η κατά σάρκα Περιτομή του Ιησού Χριστού,Ααρών,,Επίσημη αργία: Πρωτοχρονιά,4,5,https://el.wikipedia.org/wiki/13_%CE%9C%CE%B1%CF%81%CF%84%CE%AF%CE%BF%CF%85
20200314,Η κατά σάρκα Περιτομή του Ιησού Χριστού,Ααρών,,Επίσημη αργία: Πρωτοχρονιά,3,5,https://el.wikipedia.org/wiki/14_%CE%9C%CE%B1%CF%81%CF%84%CE%AF%CE%BF%CF%85
20200315,Η κατά σάρκα Περιτομή του Ιησού Χριστού,Ααρών,,Επίσημη αργία: Πρωτοχρονιά,3,5,https://el.wikipedia.org/wiki/15_%CE%9C%CE%B1%CF%81%CF%84%CE%AF%CE%BF%CF%85
20200316,Η κατά σάρκα Περιτομή του Ιησού Χριστού,Ααρών,,Επίσημη αργία: Πρωτοχρονιά,4,6,https://el.wikipedia.org/wiki/16_%CE%9C%CE%B1%CF%81%CF%84%CE%AF%CE%BF%CF%85
20200317,Η κατά σάρκα Περιτομή του Ιησού Χριστού,Ααρών,,Επίσημη αργία: Πρωτοχρονιά,4,6,https://el.wikipedia.org/wiki/17_%CE%9C%CE%B1%CF%81%CF%84%CE%AF%CE%BF%CF%85
20200318,Η κατά σάρκα Περιτομή του Ιησού Χριστού,Ααρών,,Επίσημη αργία: Πρωτοχρονιά,4,6,https://el.wikipedia.org/wiki/18_%CE%9C%CE%B1%CF%81%CF%84%CE%AF%CE%BF%CF%85
20200319,Η κατά σάρκα Περιτομή του Ιησού Χριστού,Ααρών,,Επίσημη αργία: Πρωτοχρονιά,4,7,https://el.wikipedia.org/wiki/19_%CE%9C%CE%B1%CF%81%CF%84%CE%AF%CE%BF%CF%85
20200320,Η κατά σάρκα Περιτομή του Ιησού Χριστού,Ααρών,,Επίσημη αργία: Πρωτοχρονιά,4,7,https://el.wikipedia.org/wiki/20_%CE%9C%CE%B1%CF%81%CF%84%CE%AF%CE%BF%CF%85
20200321,Η κατά σάρκα Περιτομή του Ιησού Χριστού,Ααρών,,Επίσημη αργία: Πρωτοχρονιά,3,7,https://el.wikipedia.org/wiki/21_%CE%9C%CE%B1%CF%81%CF%84%CE%AF%CE%BF%CF%85
20200322,Η κατά σάρκα Περιτομή του Ιησού Χριστού,Ααρών,,Επίσημη αργία: Πρωτοχρονιά,3,7,https://el.wikipedia.org/wiki/22_%CE%9C%CE%B1%CF%81%CF%84%CE%AF%CE%BF%CF%85
20200323,Η κατά σάρκα Περιτομή του Ιησού Χριστού,Ααρών,,Επίσημη αργία: Πρωτοχρονιά,4,0,https://el.wikipedia.org/wiki/23_%CE%9C%CE%B1%CF%81%CF%84%CE%AF%CE%BF%CF%85
20200324,Η κατά σάρκα Περιτομή του Ιησού Χριστού,Ααρών,,Επίσημη αργία: Πρωτοχρονιά,4,0,https://el.wikipedia.org/wiki/24_%CE%9C%CE%B1%CF%81%CF%84%CE%AF%CE%BF%CF%85
20200325,Η κατά σάρκα Περιτομή του Ιησού Χριστού,Ααρών,,Επίσημη αργία: Πρωτοχρονιά,4,0,https://el.wikipedia.org/wiki/25_%CE%9C%CE%B1%CF%81%CF%84%CE%AF%CE%BF%CF%85
20200326,Η κατά σάρκα Περιτομή του Ιησού Χριστού,Ααρών,,Επίσημη αργία: Πρωτοχρονιά,4,0,https://el.wikipedia.org/wiki/26_%CE%9C%CE%B1%CF%81%CF%84%CE%AF%CE%BF%CF%85
20200327,Η κατά σάρκα Περιτομή του Ιησού Χριστού,Ααρών,,Επίσημη αργία: Πρωτοχρονιά,0,1,https://el.wikipedia.org/wiki/27_%CE%9C%CE%B1%CF%81%CF%84%CE%AF%CE%BF%CF%85
20200328,Η κατά σάρκα Περιτομή του Ιησού Χριστού,Ααρών,,Επίσημη αργία: Πρωτοχρονιά,3,1,https://el.wikipedia.org/wiki/28_%CE%9C%CE%B1%CF%81%CF%84%CE%AF%CE%BF%CF%85
20200329,Η κατά σάρκα Περιτομή του Ιησού Χριστού,Ααρών,,Επίσημη αργία: Πρωτοχρονιά,3,1,https://el.wikipedia.org/wiki/29_%CE%9C%CE%B1%CF%81%CF%84%CE%AF%CE%BF%CF%85
20200330,Η κατά σάρκα Περιτομή του Ιησού Χριστού,Ααρών,,Επίσημη αργία: Πρωτοχρονιά,4,2,https://el.wikipedia.org/wiki/30_%CE%9C%CE%B1%CF%81%CF%84%CE%AF%CE%BF%CF%85
20200331,Η κατά σάρκα Περιτομή του Ιησού Χριστού,Ααρών,,Επίσημη αργία: Πρωτοχρονιά,4,2,https://el.wikipedia.org/wiki/31_%CE%9C%CE%B1%CF%81%CF%84%CE%AF%CE%BF%CF%85
20200400,Απρίλιος,,,,,,https://el.wikipedia.org/wiki/%CE%91%CF%80%CF%81%CE%AF%CE%BB%CE%B9%CE%BF%CF%82
20200401,Η κατά σάρκα Περιτομή του Ιησού Χριστού,Ααρών,,Επίσημη αργία: Πρωτοχρονιά,4,2,https://el.wikipedia.org/wiki/1_%CE%91%CF%80%CF%81%CE%B9%CE%BB%CE%AF%CE%BF%CF%85
20200402,Η κατά σάρκα Περιτομή του Ιησού Χριστού,Ααρών,,Επίσημη αργία: Πρωτοχρονιά,4,2,https://el.wikipedia.org/wiki/2_%CE%91%CF%80%CF%81%CE%B9%CE%BB%CE%AF%CE%BF%CF%85
20200403,Η κατά σάρκα Περιτομή του Ιησού Χριστού,Ααρών,,Επίσημη αργία: Πρωτοχρονιά,4,3,https://el.wikipedia.org/wiki/3_%CE%91%CF%80%CF%81%CE%B9%CE%BB%CE%AF%CE%BF%CF%85
20200404,Η κατά σάρκα Περιτομή του Ιησού Χριστού,Ααρών,,Επίσημη αργία: Πρωτοχρονιά,3,3,https://el.wikipedia.org/wiki/4_%CE%91%CF%80%CF%81%CE%B9%CE%BB%CE%AF%CE%BF%CF%85
20200405,Η κατά σάρκα Περιτομή του Ιησού Χριστού,Ααρών,,Επίσημη αργία: Πρωτοχρονιά,3,3,https://el.wikipedia.org/wiki/5_%CE%91%CF%80%CF%81%CE%B9%CE%BB%CE%AF%CE%BF%CF%85
20200406,Η κατά σάρκα Περιτομή του Ιησού Χριστού,Ααρών,,Επίσημη αργία: Πρωτοχρονιά,4,3,https://el.wikipedia.org/wiki/6_%CE%91%CF%80%CF%81%CE%B9%CE%BB%CE%AF%CE%BF%CF%85
20200407,Η κατά σάρκα Περιτομή του Ιησού Χριστού,Ααρών,,Επίσημη αργία: Πρωτοχρονιά,4,4,https://el.wikipedia.org/wiki/7_%CE%91%CF%80%CF%81%CE%B9%CE%BB%CE%AF%CE%BF%CF%85
20200408,Η κατά σάρκα Περιτομή του Ιησού Χριστού,Ααρών,,Επίσημη αργία: Πρωτοχρονιά,4,4,https://el.wikipedia.org/wiki/8_%CE%91%CF%80%CF%81%CE%B9%CE%BB%CE%AF%CE%BF%CF%85
20200409,Η κατά σάρκα Περιτομή του Ιησού Χριστού,Ααρών,,Επίσημη αργία: Πρωτοχρονιά,4,4,https://el.wikipedia.org/wiki/9_%CE%91%CF%80%CF%81%CE%B9%CE%BB%CE%AF%CE%BF%CF%85
20200410,Η κατά σάρκα Περιτομή του Ιησού Χριστού,Ααρών,,Επίσημη αργία: Πρωτοχρονιά,4,5,https://el.wikipedia.org/wiki/10_%CE%91%CF%80%CF%81%CE%B9%CE%BB%CE%AF%CE%BF%CF%85
20200411,Η κατά σάρκα Περιτομή του Ιησού Χριστού,Ααρών,,Επίσημη αργία: Πρωτοχρονιά,3,5,https://el.wikipedia.org/wiki/11_%CE%91%CF%80%CF%81%CE%B9%CE%BB%CE%AF%CE%BF%CF%85
20200412,Η κατά σάρκα Περιτομή του Ιησού Χριστού,Ααρών,,Επίσημη αργία: Πρωτοχρονιά,2,5,https://el.wikipedia.org/wiki/12_%CE%91%CF%80%CF%81%CE%B9%CE%BB%CE%AF%CE%BF%CF%85
20200413,Η κατά σάρκα Περιτομή του Ιησού Χριστού,Ααρών,,Επίσημη αργία: Πρωτοχρονιά,4,5,https://el.wikipedia.org/wiki/13_%CE%91%CF%80%CF%81%CE%B9%CE%BB%CE%AF%CE%BF%CF%85
20200414,Η κατά σάρκα Περιτομή του Ιησού Χριστού,Ααρών,,Επίσημη αργία: Πρωτοχρονιά,4,6,https://el.wikipedia.org/wiki/14_%CE%91%CF%80%CF%81%CE%B9%CE%BB%CE%AF%CE%BF%CF%85
20200415,Η κατά σάρκα Περιτομή του Ιησού Χριστού,Ααρών,,Επίσημη αργία: Πρωτοχρονιά,4,6,https://el.wikipedia.org/wiki/15_%CE%91%CF%80%CF%81%CE%B9%CE%BB%CE%AF%CE%BF%CF%85
20200416,Η κατά σάρκα Περιτομή του Ιησού Χριστού,Ααρών,,Επίσημη αργία: Πρωτοχρονιά,4,6,https://el.wikipedia.org/wiki/16_%CE%91%CF%80%CF%81%CE%B9%CE%BB%CE%AF%CE%BF%CF%85
20200417,Η κατά σάρκα Περιτομή του Ιησού Χριστού,Ααρών,,Επίσημη αργία: Πρωτοχρονιά,4,6,https://el.wikipedia.org/wiki/17_%CE%91%CF%80%CF%81%CE%B9%CE%BB%CE%AF%CE%BF%CF%85
20200418,Η κατά σάρκα Περιτομή του Ιησού Χριστού,Ααρών,,Επίσημη αργία: Πρωτοχρονιά,4,7,https://el.wikipedia.org/wiki/18_%CE%91%CF%80%CF%81%CE%B9%CE%BB%CE%AF%CE%BF%CF%85
20200419,Η κατά σάρκα Περιτομή του Ιησού Χριστού,Ααρών,,Επίσημη αργία: Πρωτοχρονιά,0,7,https://el.wikipedia.org/wiki/19_%CE%91%CF%80%CF%81%CE%B9%CE%BB%CE%AF%CE%BF%CF%85
20200420,Η κατά σάρκα Περιτομή του Ιησού Χριστού,Ααρών,,Επίσημη αργία: Πρωτοχρονιά,0,7,https://el.wikipedia.org/wiki/20_%CE%91%CF%80%CF%81%CE%B9%CE%BB%CE%AF%CE%BF%CF%85
20200421,Η κατά σάρκα Περιτομή του Ιησού Χριστού,Ααρών,,Επίσημη αργία: Πρωτοχρονιά,0,0,https://el.wikipedia.org/wiki/21_%CE%91%CF%80%CF%81%CE%B9%CE%BB%CE%AF%CE%BF%CF%85
20200422,Η κατά σάρκα Περιτομή του Ιησού Χριστού,Ααρών,,Επίσημη αργία: Πρωτοχρονιά,0,0,https://el.wikipedia.org/wiki/22_%CE%91%CF%80%CF%81%CE%B9%CE%BB%CE%AF%CE%BF%CF%85
20200423,Η κατά σάρκα Περιτομή του Ιησού Χριστού,Ααρών,,Επίσημη αργία: Πρωτοχρονιά,0,0,https://el.wikipedia.org/wiki/23_%CE%91%CF%80%CF%81%CE%B9%CE%BB%CE%AF%CE%BF%CF%85
20200424,Η κατά σάρκα Περιτομή του Ιησού Χριστού,Ααρών,,Επίσημη αργία: Πρωτοχρονιά,0,0,https://el.wikipedia.org/wiki/24_%CE%91%CF%80%CF%81%CE%B9%CE%BB%CE%AF%CE%BF%CF%85
20200425,Η κατά σάρκα Περιτομή του Ιησού Χριστού,Ααρών,,Επίσημη αργία: Πρωτοχρονιά,0,1,https://el.wikipedia.org/wiki/25_%CE%91%CF%80%CF%81%CE%B9%CE%BB%CE%AF%CE%BF%CF%85
20200426,Η κατά σάρκα Περιτομή του Ιησού Χριστού,Ααρών,,Επίσημη αργία: Πρωτοχρονιά,0,1,https://el.wikipedia.org/wiki/26_%CE%91%CF%80%CF%81%CE%B9%CE%BB%CE%AF%CE%BF%CF%85
20200427,Η κατά σάρκα Περιτομή του Ιησού Χριστού,Ααρών,,Επίσημη αργία: Πρωτοχρονιά,0,1,https://el.wikipedia.org/wiki/27_%CE%91%CF%80%CF%81%CE%B9%CE%BB%CE%AF%CE%BF%CF%85
20200428,Η κατά σάρκα Περιτομή του Ιησού Χριστού,Ααρών,,Επίσημη αργία: Πρωτοχρονιά,0,1,https://el.wikipedia.org/wiki/28_%CE%91%CF%80%CF%81%CE%B9%CE%BB%CE%AF%CE%BF%CF%85
20200429,Η κατά σάρκα Περιτομή του Ιησού Χριστού,Ααρών,,Επίσημη αργία: Πρωτοχρονιά,4,2,https://el.wikipedia.org/wiki/29_%CE%91%CF%80%CF%81%CE%B9%CE%BB%CE%AF%CE%BF%CF%85
20200430,Η κατά σάρκα Περιτομή του Ιησού Χριστού,Ααρών,,Επίσημη αργία: Πρωτοχρονιά,3,2,https://el.wikipedia.org/wiki/30_%CE%91%CF%80%CF%81%CE%B9%CE%BB%CE%AF%CE%BF%CF%85
20200500,Μάϊος,,,,,,https://el.wikipedia.org/wiki/%CE%9C%CE%AC%CE%B9%CE%BF%CF%82
20200501,Η κατά σάρκα Περιτομή του Ιησού Χριστού,Ααρών,,Επίσημη αργία: Πρωτοχρονιά,4,2,https://el.wikipedia.org/wiki/1_%CE%9C%CE%B1%CE%90%CE%BF%CF%85
20200502,Η κατά σάρκα Περιτομή του Ιησού Χριστού,Ααρών,,Επίσημη αργία: Πρωτοχρονιά,3,2,https://el.wikipedia.org/wiki/2_%CE%9C%CE%B1%CE%90%CE%BF%CF%85
20200503,Η κατά σάρκα Περιτομή του Ιησού Χριστού,Ααρών,,Επίσημη αργία: Πρωτοχρονιά,0,3,https://el.wikipedia.org/wiki/3_%CE%9C%CE%B1%CE%90%CE%BF%CF%85
20200504,Η κατά σάρκα Περιτομή του Ιησού Χριστού,Ααρών,,Επίσημη αργία: Πρωτοχρονιά,0,3,https://el.wikipedia.org/wiki/4_%CE%9C%CE%B1%CE%90%CE%BF%CF%85
20200505,Η κατά σάρκα Περιτομή του Ιησού Χριστού,Ααρών,,Επίσημη αργία: Πρωτοχρονιά,0,3,https://el.wikipedia.org/wiki/5_%CE%9C%CE%B1%CE%90%CE%BF%CF%85
20200506,Η κατά σάρκα Περιτομή του Ιησού Χριστού,Ααρών,,Επίσημη αργία: Πρωτοχρονιά,4,4,https://el.wikipedia.org/wiki/6_%CE%9C%CE%B1%CE%90%CE%BF%CF%85
20200507,Η κατά σάρκα Περιτομή του Ιησού Χριστού,Ααρών,,Επίσημη αργία: Πρωτοχρονιά,0,4,https://el.wikipedia.org/wiki/7_%CE%9C%CE%B1%CE%90%CE%BF%CF%85
20200508,Η κατά σάρκα Περιτομή του Ιησού Χριστού,Ααρών,,Επίσημη αργία: Πρωτοχρονιά,4,4,https://el.wikipedia.org/wiki/8_%CE%9C%CE%B1%CE%90%CE%BF%CF%85
20200509,Η κατά σάρκα Περιτομή του Ιησού Χριστού,Ααρών,,Επίσημη αργία: Πρωτοχρονιά,0,4,https://el.wikipedia.org/wiki/9_%CE%9C%CE%B1%CE%90%CE%BF%CF%85
20200510,Η κατά σάρκα Περιτομή του Ιησού Χριστού,Ααρών,,Επίσημη αργία: Πρωτοχρονιά,0,5,https://el.wikipedia.org/wiki/10_%CE%9C%CE%B1%CE%90%CE%BF%CF%85
20200511,Η κατά σάρκα Περιτομή του Ιησού Χριστού,Ααρών,,Επίσημη αργία: Πρωτοχρονιά,0,5,https://el.wikipedia.org/wiki/11_%CE%9C%CE%B1%CE%90%CE%BF%CF%85
20200512,Η κατά σάρκα Περιτομή του Ιησού Χριστού,Ααρών,,Επίσημη αργία: Πρωτοχρονιά,0,5,https://el.wikipedia.org/wiki/12_%CE%9C%CE%B1%CE%90%CE%BF%CF%85
20200513,Η κατά σάρκα Περιτομή του Ιησού Χριστού,Ααρών,,Επίσημη αργία: Πρωτοχρονιά,2,5,https://el.wikipedia.org/wiki/13_%CE%9C%CE%B1%CE%90%CE%BF%CF%85
20200514,Η κατά σάρκα Περιτομή του Ιησού Χριστού,Ααρών,,Επίσημη αργία: Πρωτοχρονιά,0,6,https://el.wikipedia.org/wiki/14_%CE%9C%CE%B1%CE%90%CE%BF%CF%85
20200515,Η κατά σάρκα Περιτομή του Ιησού Χριστού,Ααρών,,Επίσημη αργία: Πρωτοχρονιά,4,6,https://el.wikipedia.org/wiki/15_%CE%9C%CE%B1%CE%90%CE%BF%CF%85
20200516,Η κατά σάρκα Περιτομή του Ιησού Χριστού,Ααρών,,Επίσημη αργία: Πρωτοχρονιά,0,6,https://el.wikipedia.org/wiki/16_%CE%9C%CE%B1%CE%90%CE%BF%CF%85
20200517,Η κατά σάρκα Περιτομή του Ιησού Χριστού,Ααρών,,Επίσημη αργία: Πρωτοχρονιά,0,7,https://el.wikipedia.org/wiki/17_%CE%9C%CE%B1%CE%90%CE%BF%CF%85
20200518,Η κατά σάρκα Περιτομή του Ιησού Χριστού,Ααρών,,Επίσημη αργία: Πρωτοχρονιά,0,7,https://el.wikipedia.org/wiki/18_%CE%9C%CE%B1%CE%90%CE%BF%CF%85
20200519,Η κατά σάρκα Περιτομή του Ιησού Χριστού,Ααρών,,Επίσημη αργία: Πρωτοχρονιά,0,7,https://el.wikipedia.org/wiki/19_%CE%9C%CE%B1%CE%90%CE%BF%CF%85
20200520,Η κατά σάρκα Περιτομή του Ιησού Χριστού,Ααρών,,Επίσημη αργία: Πρωτοχρονιά,4,7,https://el.wikipedia.org/wiki/20_%CE%9C%CE%B1%CE%90%CE%BF%CF%85
20200521,Η κατά σάρκα Περιτομή του Ιησού Χριστού,Ααρών,,Επίσημη αργία: Πρωτοχρονιά,3,0,https://el.wikipedia.org/wiki/21_%CE%9C%CE%B1%CE%90%CE%BF%CF%85
20200522,Η κατά σάρκα Περιτομή του Ιησού Χριστού,Ααρών,,Επίσημη αργία: Πρωτοχρονιά,4,0,https://el.wikipedia.org/wiki/22_%CE%9C%CE%B1%CE%90%CE%BF%CF%85
20200523,Η κατά σάρκα Περιτομή του Ιησού Χριστού,Ααρών,,Επίσημη αργία: Πρωτοχρονιά,0,0,https://el.wikipedia.org/wiki/23_%CE%9C%CE%B1%CE%90%CE%BF%CF%85
20200524,Η κατά σάρκα Περιτομή του Ιησού Χριστού,Ααρών,,Επίσημη αργία: Πρωτοχρονιά,0,0,https://el.wikipedia.org/wiki/24_%CE%9C%CE%B1%CE%90%CE%BF%CF%85
20200525,Η κατά σάρκα Περιτομή του Ιησού Χριστού,Ααρών,,Επίσημη αργία: Πρωτοχρονιά,3,1,https://el.wikipedia.org/wiki/25_%CE%9C%CE%B1%CE%90%CE%BF%CF%85
20200526,Η κατά σάρκα Περιτομή του Ιησού Χριστού,Ααρών,,Επίσημη αργία: Πρωτοχρονιά,0,1,https://el.wikipedia.org/wiki/26_%CE%9C%CE%B1%CE%90%CE%BF%CF%85
20200527,Η κατά σάρκα Περιτομή του Ιησού Χριστού,Ααρών,,Επίσημη αργία: Πρωτοχρονιά,2,1,https://el.wikipedia.org/wiki/27_%CE%9C%CE%B1%CE%90%CE%BF%CF%85
20200528,Η κατά σάρκα Περιτομή του Ιησού Χριστού,Ααρών,,Επίσημη αργία: Πρωτοχρονιά,0,2,https://el.wikipedia.org/wiki/28_%CE%9C%CE%B1%CE%90%CE%BF%CF%85
20200529,Η κατά σάρκα Περιτομή του Ιησού Χριστού,Ααρών,,Επίσημη αργία: Πρωτοχρονιά,4,2,https://el.wikipedia.org/wiki/29_%CE%9C%CE%B1%CE%90%CE%BF%CF%85
20200530,Η κατά σάρκα Περιτομή του Ιησού Χριστού,Ααρών,,Επίσημη αργία: Πρωτοχρονιά,0,2,https://el.wikipedia.org/wiki/30_%CE%9C%CE%B1%CE%90%CE%BF%CF%85
20200531,Η κατά σάρκα Περιτομή του Ιησού Χριστού,Ααρών,,Επίσημη αργία: Πρωτοχρονιά,0,2,https://el.wikipedia.org/wiki/31_%CE%9C%CE%B1%CE%90%CE%BF%CF%85
20200600,Ιούνιος,,,,,,https://el.wikipedia.org/wiki/%CE%99%CE%BF%CF%8D%CE%BD%CE%B9%CE%BF%CF%82
20200601,Η κατά σάρκα Περιτομή του Ιησού Χριστού,Ααρών,,Επίσημη αργία: Πρωτοχρονιά,3,3,https://el.wikipedia.org/wiki/1_%CE%99%CE%BF%CF%85%CE%BD%CE%AF%CE%BF%CF%85
20200602,Η κατά σάρκα Περιτομή του Ιησού Χριστού,Ααρών,,Επίσημη αργία: Πρωτοχρονιά,3,3,https://el.wikipedia.org/wiki/2_%CE%99%CE%BF%CF%85%CE%BD%CE%AF%CE%BF%CF%85
20200603,Η κατά σάρκα Περιτομή του Ιησού Χριστού,Ααρών,,Επίσημη αργία: Πρωτοχρονιά,4,3,https://el.wikipedia.org/wiki/3_%CE%99%CE%BF%CF%85%CE%BD%CE%AF%CE%BF%CF%85
20200604,Η κατά σάρκα Περιτομή του Ιησού Χριστού,Ααρών,,Επίσημη αργία: Πρωτοχρονιά,0,3,https://el.wikipedia.org/wiki/4_%CE%99%CE%BF%CF%85%CE%BD%CE%AF%CE%BF%CF%85
20200605,Η κατά σάρκα Περιτομή του Ιησού Χριστού,Ααρών,,Επίσημη αργία: Πρωτοχρονιά,4,4,https://el.wikipedia.org/wiki/5_%CE%99%CE%BF%CF%85%CE%BD%CE%AF%CE%BF%CF%85
20200606,Η κατά σάρκα Περιτομή του Ιησού Χριστού,Ααρών,,Επίσημη αργία: Πρωτοχρονιά,0,4,https://el.wikipedia.org/wiki/6_%CE%99%CE%BF%CF%85%CE%BD%CE%AF%CE%BF%CF%85
20200607,Η κατά σάρκα Περιτομή του Ιησού Χριστού,Ααρών,,Επίσημη αργία: Πρωτοχρονιά,0,4,https://el.wikipedia.org/wiki/7_%CE%99%CE%BF%CF%85%CE%BD%CE%AF%CE%BF%CF%85
20200608,Η κατά σάρκα Περιτομή του Ιησού Χριστού,Ααρών,,Επίσημη αργία: Πρωτοχρονιά,0,5,https://el.wikipedia.org/wiki/8_%CE%99%CE%BF%CF%85%CE%BD%CE%AF%CE%BF%CF%85
20200609,Η κατά σάρκα Περιτομή του Ιησού Χριστού,Ααρών,,Επίσημη αργία: Πρωτοχρονιά,0,5,https://el.wikipedia.org/wiki/9_%CE%99%CE%BF%CF%85%CE%BD%CE%AF%CE%BF%CF%85
20200610,Η κατά σάρκα Περιτομή του Ιησού Χριστού,Ααρών,,Επίσημη αργία: Πρωτοχρονιά,0,5,https://el.wikipedia.org/wiki/10_%CE%99%CE%BF%CF%85%CE%BD%CE%AF%CE%BF%CF%85
20200611,Η κατά σάρκα Περιτομή του Ιησού Χριστού,Ααρών,,Επίσημη αργία: Πρωτοχρονιά,0,5,https://el.wikipedia.org/wiki/11_%CE%99%CE%BF%CF%85%CE%BD%CE%AF%CE%BF%CF%85
20200612,Η κατά σάρκα Περιτομή του Ιησού Χριστού,Ααρών,,Επίσημη αργία: Πρωτοχρονιά,0,6,https://el.wikipedia.org/wiki/12_%CE%99%CE%BF%CF%85%CE%BD%CE%AF%CE%BF%CF%85
20200613,Η κατά σάρκα Περιτομή του Ιησού Χριστού,Ααρών,,Επίσημη αργία: Πρωτοχρονιά,0,6,https://el.wikipedia.org/wiki/13_%CE%99%CE%BF%CF%85%CE%BD%CE%AF%CE%BF%CF%85
20200614,Η κατά σάρκα Περιτομή του Ιησού Χριστού,Ααρών,,Επίσημη αργία: Πρωτοχρονιά,0,6,https://el.wikipedia.org/wiki/14_%CE%99%CE%BF%CF%85%CE%BD%CE%AF%CE%BF%CF%85
20200615,Η κατά σάρκα Περιτομή του Ιησού Χριστού,Ααρών,,Επίσημη αργία: Πρωτοχρονιά,2,6,https://el.wikipedia.org/wiki/15_%CE%99%CE%BF%CF%85%CE%BD%CE%AF%CE%BF%CF%85
20200616,Η κατά σάρκα Περιτομή του Ιησού Χριστού,Ααρών,,Επίσημη αργία: Πρωτοχρονιά,2,7,https://el.wikipedia.org/wiki/16_%CE%99%CE%BF%CF%85%CE%BD%CE%AF%CE%BF%CF%85
20200617,Η κατά σάρκα Περιτομή του Ιησού Χριστού,Ααρών,,Επίσημη αργία: Πρωτοχρονιά,4,7,https://el.wikipedia.org/wiki/17_%CE%99%CE%BF%CF%85%CE%BD%CE%AF%CE%BF%CF%85
20200618,Η κατά σάρκα Περιτομή του Ιησού Χριστού,Ααρών,,Επίσημη αργία: Πρωτοχρονιά,2,7,https://el.wikipedia.org/wiki/18_%CE%99%CE%BF%CF%85%CE%BD%CE%AF%CE%BF%CF%85
20200619,Η κατά σάρκα Περιτομή του Ιησού Χριστού,Ααρών,,Επίσημη αργία: Πρωτοχρονιά,4,0,https://el.wikipedia.org/wiki/19_%CE%99%CE%BF%CF%85%CE%BD%CE%AF%CE%BF%CF%85
20200620,Η κατά σάρκα Περιτομή του Ιησού Χριστού,Ααρών,,Επίσημη αργία: Πρωτοχρονιά,2,0,https://el.wikipedia.org/wiki/20_%CE%99%CE%BF%CF%85%CE%BD%CE%AF%CE%BF%CF%85
20200621,Η κατά σάρκα Περιτομή του Ιησού Χριστού,Ααρών,,Επίσημη αργία: Πρωτοχρονιά,0,0,https://el.wikipedia.org/wiki/21_%CE%99%CE%BF%CF%85%CE%BD%CE%AF%CE%BF%CF%85
20200622,Η κατά σάρκα Περιτομή του Ιησού Χριστού,Ααρών,,Επίσημη αργία: Πρωτοχρονιά,2,0,https://el.wikipedia.org/wiki/22_%CE%99%CE%BF%CF%85%CE%BD%CE%AF%CE%BF%CF%85
20200623,Η κατά σάρκα Περιτομή του Ιησού Χριστού,Ααρών,,Επίσημη αργία: Πρωτοχρονιά,2,1,https://el.wikipedia.org/wiki/23_%CE%99%CE%BF%CF%85%CE%BD%CE%AF%CE%BF%CF%85
20200624,Η κατά σάρκα Περιτομή του Ιησού Χριστού,Ααρών,,Επίσημη αργία: Πρωτοχρονιά,4,1,https://el.wikipedia.org/wiki/24_%CE%99%CE%BF%CF%85%CE%BD%CE%AF%CE%BF%CF%85
20200625,Η κατά σάρκα Περιτομή του Ιησού Χριστού,Ααρών,,Επίσημη αργία: Πρωτοχρονιά,2,1,https://el.wikipedia.org/wiki/25_%CE%99%CE%BF%CF%85%CE%BD%CE%AF%CE%BF%CF%85
20200626,Η κατά σάρκα Περιτομή του Ιησού Χριστού,Ααρών,,Επίσημη αργία: Πρωτοχρονιά,4,1,https://el.wikipedia.org/wiki/26_%CE%99%CE%BF%CF%85%CE%BD%CE%AF%CE%BF%CF%85
20200627,Η κατά σάρκα Περιτομή του Ιησού Χριστού,Ααρών,,Επίσημη αργία: Πρωτοχρονιά,2,2,https://el.wikipedia.org/wiki/27_%CE%99%CE%BF%CF%85%CE%BD%CE%AF%CE%BF%CF%85
20200628,Η κατά σάρκα Περιτομή του Ιησού Χριστού,Ααρών,,Επίσημη αργία: Πρωτοχρονιά,2,2,https://el.wikipedia.org/wiki/28_%CE%99%CE%BF%CF%85%CE%BD%CE%AF%CE%BF%CF%85
20200629,Η κατά σάρκα Περιτομή του Ιησού Χριστού,Ααρών,,Επίσημη αργία: Πρωτοχρονιά,2,2,https://el.wikipedia.org/wiki/29_%CE%99%CE%BF%CF%85%CE%BD%CE%AF%CE%BF%CF%85
20200630,Η κατά σάρκα Περιτομή του Ιησού Χριστού,Ααρών,,Επίσημη αργία: Πρωτοχρονιά,3,2,https://el.wikipedia.org/wiki/30_%CE%99%CE%BF%CF%85%CE%BD%CE%AF%CE%BF%CF%85
20200700,Ιούλιος,,,,,,https://el.wikipedia.org/wiki/%CE%99%CE%BF%CF%8D%CE%BB%CE%B9%CE%BF%CF%82
20200701,Η κατά σάρκα Περιτομή του Ιησού Χριστού,Ααρών,,Επίσημη αργία: Πρωτοχρονιά,4,3,https://el.wikipedia.org/wiki/1_%CE%99%CE%BF%CF%85%CE%BB%CE%AF%CE%BF%CF%85
20200702,Η κατά σάρκα Περιτομή του Ιησού Χριστού,Ααρών,,Επίσημη αργία: Πρωτοχρονιά,0,3,https://el.wikipedia.org/wiki/2_%CE%99%CE%BF%CF%85%CE%BB%CE%AF%CE%BF%CF%85
20200703,Η κατά σάρκα Περιτομή του Ιησού Χριστού,Ααρών,,Επίσημη αργία: Πρωτοχρονιά,4,3,https://el.wikipedia.org/wiki/3_%CE%99%CE%BF%CF%85%CE%BB%CE%AF%CE%BF%CF%85
20200704,Η κατά σάρκα Περιτομή του Ιησού Χριστού,Ααρών,,Επίσημη αργία: Πρωτοχρονιά,0,4,https://el.wikipedia.org/wiki/4_%CE%99%CE%BF%CF%85%CE%BB%CE%AF%CE%BF%CF%85
20200705,Η κατά σάρκα Περιτομή του Ιησού Χριστού,Ααρών,,Επίσημη αργία: Πρωτοχρονιά,0,4,https://el.wikipedia.org/wiki/5_%CE%99%CE%BF%CF%85%CE%BB%CE%AF%CE%BF%CF%85
20200706,Η κατά σάρκα Περιτομή του Ιησού Χριστού,Ααρών,,Επίσημη αργία: Πρωτοχρονιά,0,4,https://el.wikipedia.org/wiki/6_%CE%99%CE%BF%CF%85%CE%BB%CE%AF%CE%BF%CF%85
20200707,Η κατά σάρκα Περιτομή του Ιησού Χριστού,Ααρών,,Επίσημη αργία: Πρωτοχρονιά,0,4,https://el.wikipedia.org/wiki/7_%CE%99%CE%BF%CF%85%CE%BB%CE%AF%CE%BF%CF%85
20200708,Η κατά σάρκα Περιτομή του Ιησού Χριστού,Ααρών,,Επίσημη αργία: Πρωτοχρονιά,4,5,https://el.wikipedia.org/wiki/8_%CE%99%CE%BF%CF%85%CE%BB%CE%AF%CE%BF%CF%85
20200709,Η κατά σάρκα Περιτομή του Ιησού Χριστού,Ααρών,,Επίσημη αργία: Πρωτοχρονιά,0,5,https://el.wikipedia.org/wiki/9_%CE%99%CE%BF%CF%85%CE%BB%CE%AF%CE%BF%CF%85
20200710,Η κατά σάρκα Περιτομή του Ιησού Χριστού,Ααρών,,Επίσημη αργία: Πρωτοχρονιά,4,5,https://el.wikipedia.org/wiki/10_%CE%99%CE%BF%CF%85%CE%BB%CE%AF%CE%BF%CF%85
20200711,Η κατά σάρκα Περιτομή του Ιησού Χριστού,Ααρών,,Επίσημη αργία: Πρωτοχρονιά,0,5,https://el.wikipedia.org/wiki/11_%CE%99%CE%BF%CF%85%CE%BB%CE%AF%CE%BF%CF%85
20200712,Η κατά σάρκα Περιτομή του Ιησού Χριστού,Ααρών,,Επίσημη αργία: Πρωτοχρονιά,0,6,https://el.wikipedia.org/wiki/12_%CE%99%CE%BF%CF%85%CE%BB%CE%AF%CE%BF%CF%85
20200713,Η κατά σάρκα Περιτομή του Ιησού Χριστού,Ααρών,,Επίσημη αργία: Πρωτοχρονιά,0,6,https://el.wikipedia.org/wiki/13_%CE%99%CE%BF%CF%85%CE%BB%CE%AF%CE%BF%CF%85
20200714,Η κατά σάρκα Περιτομή του Ιησού Χριστού,Ααρών,,Επίσημη αργία: Πρωτοχρονιά,0,6,https://el.wikipedia.org/wiki/14_%CE%99%CE%BF%CF%85%CE%BB%CE%AF%CE%BF%CF%85
20200715,Η κατά σάρκα Περιτομή του Ιησού Χριστού,Ααρών,,Επίσημη αργία: Πρωτοχρονιά,4,7,https://el.wikipedia.org/wiki/15_%CE%99%CE%BF%CF%85%CE%BB%CE%AF%CE%BF%CF%85
20200716,Η κατά σάρκα Περιτομή του Ιησού Χριστού,Ααρών,,Επίσημη αργία: Πρωτοχρονιά,0,7,https://el.wikipedia.org/wiki/16_%CE%99%CE%BF%CF%85%CE%BB%CE%AF%CE%BF%CF%85
20200717,Η κατά σάρκα Περιτομή του Ιησού Χριστού,Ααρών,,Επίσημη αργία: Πρωτοχρονιά,4,7,https://el.wikipedia.org/wiki/17_%CE%99%CE%BF%CF%85%CE%BB%CE%AF%CE%BF%CF%85
20200718,Η κατά σάρκα Περιτομή του Ιησού Χριστού,Ααρών,,Επίσημη αργία: Πρωτοχρονιά,0,7,https://el.wikipedia.org/wiki/18_%CE%99%CE%BF%CF%85%CE%BB%CE%AF%CE%BF%CF%85
20200719,Η κατά σάρκα Περιτομή του Ιησού Χριστού,Ααρών,,Επίσημη αργία: Πρωτοχρονιά,0,0,https://el.wikipedia.org/wiki/19_%CE%99%CE%BF%CF%85%CE%BB%CE%AF%CE%BF%CF%85
20200720,Η κατά σάρκα Περιτομή του Ιησού Χριστού,Ααρών,,Επίσημη αργία: Πρωτοχρονιά,0,0,https://el.wikipedia.org/wiki/20_%CE%99%CE%BF%CF%85%CE%BB%CE%AF%CE%BF%CF%85
20200721,Η κατά σάρκα Περιτομή του Ιησού Χριστού,Ααρών,,Επίσημη αργία: Πρωτοχρονιά,0,0,https://el.wikipedia.org/wiki/21_%CE%99%CE%BF%CF%85%CE%BB%CE%AF%CE%BF%CF%85
20200722,Η κατά σάρκα Περιτομή του Ιησού Χριστού,Ααρών,,Επίσημη αργία: Πρωτοχρονιά,4,0,https://el.wikipedia.org/wiki/22_%CE%99%CE%BF%CF%85%CE%BB%CE%AF%CE%BF%CF%85
20200723,Η κατά σάρκα Περιτομή του Ιησού Χριστού,Ααρών,,Επίσημη αργία: Πρωτοχρονιά,0,1,https://el.wikipedia.org/wiki/23_%CE%99%CE%BF%CF%85%CE%BB%CE%AF%CE%BF%CF%85
20200724,Η κατά σάρκα Περιτομή του Ιησού Χριστού,Ααρών,,Επίσημη αργία: Πρωτοχρονιά,4,1,https://el.wikipedia.org/wiki/24_%CE%99%CE%BF%CF%85%CE%BB%CE%AF%CE%BF%CF%85
20200725,Η κατά σάρκα Περιτομή του Ιησού Χριστού,Ααρών,,Επίσημη αργία: Πρωτοχρονιά,0,1,https://el.wikipedia.org/wiki/25_%CE%99%CE%BF%CF%85%CE%BB%CE%AF%CE%BF%CF%85
20200726,Η κατά σάρκα Περιτομή του Ιησού Χριστού,Ααρών,,Επίσημη αργία: Πρωτοχρονιά,0,2,https://el.wikipedia.org/wiki/26_%CE%99%CE%BF%CF%85%CE%BB%CE%AF%CE%BF%CF%85
20200727,Η κατά σάρκα Περιτομή του Ιησού Χριστού,Ααρών,,Επίσημη αργία: Πρωτοχρονιά,0,2,https://el.wikipedia.org/wiki/27_%CE%99%CE%BF%CF%85%CE%BB%CE%AF%CE%BF%CF%85
20200728,Η κατά σάρκα Περιτομή του Ιησού Χριστού,Ααρών,,Επίσημη αργία: Πρωτοχρονιά,0,2,https://el.wikipedia.org/wiki/28_%CE%99%CE%BF%CF%85%CE%BB%CE%AF%CE%BF%CF%85
20200729,Η κατά σάρκα Περιτομή του Ιησού Χριστού,Ααρών,,Επίσημη αργία: Πρωτοχρονιά,4,2,https://el.wikipedia.org/wiki/29_%CE%99%CE%BF%CF%85%CE%BB%CE%AF%CE%BF%CF%85
20200730,Η κατά σάρκα Περιτομή του Ιησού Χριστού,Ααρών,,Επίσημη αργία: Πρωτοχρονιά,0,3,https://el.wikipedia.org/wiki/30_%CE%99%CE%BF%CF%85%CE%BB%CE%AF%CE%BF%CF%85
20200731,Η κατά σάρκα Περιτομή του Ιησού Χριστού,Ααρών,,Επίσημη αργία: Πρωτοχρονιά,4,3,https://el.wikipedia.org/wiki/31_%CE%99%CE%BF%CF%85%CE%BB%CE%AF%CE%BF%CF%85
20200800,Αύγουστος,,,,,,https://el.wikipedia.org/wiki/%CE%91%CF%8D%CE%B3%CE%BF%CF%85%CF%83%CF%84%CE%BF%CF%82
20200801,Η κατά σάρκα Περιτομή του Ιησού Χριστού,Ααρών,,Επίσημη αργία: Πρωτοχρονιά,4,3,https://el.wikipedia.org/wiki/1_%CE%91%CF%85%CE%B3%CE%BF%CF%8D%CF%83%CF%84%CE%BF%CF%85
20200802,Η κατά σάρκα Περιτομή του Ιησού Χριστού,Ααρών,,Επίσημη αργία: Πρωτοχρονιά,4,3,https://el.wikipedia.org/wiki/2_%CE%91%CF%85%CE%B3%CE%BF%CF%8D%CF%83%CF%84%CE%BF%CF%85
20200803,Η κατά σάρκα Περιτομή του Ιησού Χριστού,Ααρών,,Επίσημη αργία: Πρωτοχρονιά,4,4,https://el.wikipedia.org/wiki/3_%CE%91%CF%85%CE%B3%CE%BF%CF%8D%CF%83%CF%84%CE%BF%CF%85
20200804,Η κατά σάρκα Περιτομή του Ιησού Χριστού,Ααρών,,Επίσημη αργία: Πρωτοχρονιά,4,4,https://el.wikipedia.org/wiki/4_%CE%91%CF%85%CE%B3%CE%BF%CF%8D%CF%83%CF%84%CE%BF%CF%85
20200805,Η κατά σάρκα Περιτομή του Ιησού Χριστού,Ααρών,,Επίσημη αργία: Πρωτοχρονιά,4,4,https://el.wikipedia.org/wiki/5_%CE%91%CF%85%CE%B3%CE%BF%CF%8D%CF%83%CF%84%CE%BF%CF%85
20200806,Η κατά σάρκα Περιτομή του Ιησού Χριστού,Ααρών,,Επίσημη αργία: Πρωτοχρονιά,2,5,https://el.wikipedia.org/wiki/6_%CE%91%CF%85%CE%B3%CE%BF%CF%8D%CF%83%CF%84%CE%BF%CF%85
20200807,Η κατά σάρκα Περιτομή του Ιησού Χριστού,Ααρών,,Επίσημη αργία: Πρωτοχρονιά,4,5,https://el.wikipedia.org/wiki/7_%CE%91%CF%85%CE%B3%CE%BF%CF%8D%CF%83%CF%84%CE%BF%CF%85
20200808,Η κατά σάρκα Περιτομή του Ιησού Χριστού,Ααρών,,Επίσημη αργία: Πρωτοχρονιά,4,5,https://el.wikipedia.org/wiki/8_%CE%91%CF%85%CE%B3%CE%BF%CF%8D%CF%83%CF%84%CE%BF%CF%85
20200809,Η κατά σάρκα Περιτομή του Ιησού Χριστού,Ααρών,,Επίσημη αργία: Πρωτοχρονιά,4,5,https://el.wikipedia.org/wiki/9_%CE%91%CF%85%CE%B3%CE%BF%CF%8D%CF%83%CF%84%CE%BF%CF%85
20200810,Η κατά σάρκα Περιτομή του Ιησού Χριστού,Ααρών,,Επίσημη αργία: Πρωτοχρονιά,4,6,https://el.wikipedia.org/wiki/10_%CE%91%CF%85%CE%B3%CE%BF%CF%8D%CF%83%CF%84%CE%BF%CF%85
20200811,Η κατά σάρκα Περιτομή του Ιησού Χριστού,Ααρών,,Επίσημη αργία: Πρωτοχρονιά,4,6,https://el.wikipedia.org/wiki/11_%CE%91%CF%85%CE%B3%CE%BF%CF%8D%CF%83%CF%84%CE%BF%CF%85
20200812,Η κατά σάρκα Περιτομή του Ιησού Χριστού,Ααρών,,Επίσημη αργία: Πρωτοχρονιά,4,6,https://el.wikipedia.org/wiki/12_%CE%91%CF%85%CE%B3%CE%BF%CF%8D%CF%83%CF%84%CE%BF%CF%85
20200813,Η κατά σάρκα Περιτομή του Ιησού Χριστού,Ααρών,,Επίσημη αργία: Πρωτοχρονιά,4,6,https://el.wikipedia.org/wiki/13_%CE%91%CF%85%CE%B3%CE%BF%CF%8D%CF%83%CF%84%CE%BF%CF%85
20200814,Η κατά σάρκα Περιτομή του Ιησού Χριστού,Ααρών,,Επίσημη αργία: Πρωτοχρονιά,4,7,https://el.wikipedia.org/wiki/14_%CE%91%CF%85%CE%B3%CE%BF%CF%8D%CF%83%CF%84%CE%BF%CF%85
20200815,Η κατά σάρκα Περιτομή του Ιησού Χριστού,Ααρών,,Επίσημη αργία: Πρωτοχρονιά,0,7,https://el.wikipedia.org/wiki/15_%CE%91%CF%85%CE%B3%CE%BF%CF%8D%CF%83%CF%84%CE%BF%CF%85
20200816,Η κατά σάρκα Περιτομή του Ιησού Χριστού,Ααρών,,Επίσημη αργία: Πρωτοχρονιά,0,7,https://el.wikipedia.org/wiki/16_%CE%91%CF%85%CE%B3%CE%BF%CF%8D%CF%83%CF%84%CE%BF%CF%85
20200817,Η κατά σάρκα Περιτομή του Ιησού Χριστού,Ααρών,,Επίσημη αργία: Πρωτοχρονιά,0,7,https://el.wikipedia.org/wiki/17_%CE%91%CF%85%CE%B3%CE%BF%CF%8D%CF%83%CF%84%CE%BF%CF%85
20200818,Η κατά σάρκα Περιτομή του Ιησού Χριστού,Ααρών,,Επίσημη αργία: Πρωτοχρονιά,0,0,https://el.wikipedia.org/wiki/18_%CE%91%CF%85%CE%B3%CE%BF%CF%8D%CF%83%CF%84%CE%BF%CF%85
20200819,Η κατά σάρκα Περιτομή του Ιησού Χριστού,Ααρών,,Επίσημη αργία: Πρωτοχρονιά,4,0,https://el.wikipedia.org/wiki/19_%CE%91%CF%85%CE%B3%CE%BF%CF%8D%CF%83%CF%84%CE%BF%CF%85
20200820,Η κατά σάρκα Περιτομή του Ιησού Χριστού,Ααρών,,Επίσημη αργία: Πρωτοχρονιά,0,0,https://el.wikipedia.org/wiki/20_%CE%91%CF%85%CE%B3%CE%BF%CF%8D%CF%83%CF%84%CE%BF%CF%85
20200821,Η κατά σάρκα Περιτομή του Ιησού Χριστού,Ααρών,,Επίσημη αργία: Πρωτοχρονιά,4,1,https://el.wikipedia.org/wiki/21_%CE%91%CF%85%CE%B3%CE%BF%CF%8D%CF%83%CF%84%CE%BF%CF%85
20200822,Η κατά σάρκα Περιτομή του Ιησού Χριστού,Ααρών,,Επίσημη αργία: Πρωτοχρονιά,0,1,https://el.wikipedia.org/wiki/22_%CE%91%CF%85%CE%B3%CE%BF%CF%8D%CF%83%CF%84%CE%BF%CF%85
20200823,Η κατά σάρκα Περιτομή του Ιησού Χριστού,Ααρών,,Επίσημη αργία: Πρωτοχρονιά,0,1,https://el.wikipedia.org/wiki/23_%CE%91%CF%85%CE%B3%CE%BF%CF%8D%CF%83%CF%84%CE%BF%CF%85
20200824,Η κατά σάρκα Περιτομή του Ιησού Χριστού,Ααρών,,Επίσημη αργία: Πρωτοχρονιά,0,1,https://el.wikipedia.org/wiki/24_%CE%91%CF%85%CE%B3%CE%BF%CF%8D%CF%83%CF%84%CE%BF%CF%85
20200825,Η κατά σάρκα Περιτομή του Ιησού Χριστού,Ααρών,,Επίσημη αργία: Πρωτοχρονιά,0,2,https://el.wikipedia.org/wiki/25_%CE%91%CF%85%CE%B3%CE%BF%CF%8D%CF%83%CF%84%CE%BF%CF%85
20200826,Η κατά σάρκα Περιτομή του Ιησού Χριστού,Ααρών,,Επίσημη αργία: Πρωτοχρονιά,4,2,https://el.wikipedia.org/wiki/26_%CE%91%CF%85%CE%B3%CE%BF%CF%8D%CF%83%CF%84%CE%BF%CF%85
20200827,Η κατά σάρκα Περιτομή του Ιησού Χριστού,Ααρών,,Επίσημη αργία: Πρωτοχρονιά,0,2,https://el.wikipedia.org/wiki/27_%CE%91%CF%85%CE%B3%CE%BF%CF%8D%CF%83%CF%84%CE%BF%CF%85
20200828,Η κατά σάρκα Περιτομή του Ιησού Χριστού,Ααρών,,Επίσημη αργία: Πρωτοχρονιά,4,2,https://el.wikipedia.org/wiki/28_%CE%91%CF%85%CE%B3%CE%BF%CF%8D%CF%83%CF%84%CE%BF%CF%85
20200829,Η κατά σάρκα Περιτομή του Ιησού Χριστού,Ααρών,,Επίσημη αργία: Πρωτοχρονιά,3,3,https://el.wikipedia.org/wiki/29_%CE%91%CF%85%CE%B3%CE%BF%CF%8D%CF%83%CF%84%CE%BF%CF%85
20200830,Η κατά σάρκα Περιτομή του Ιησού Χριστού,Ααρών,,Επίσημη αργία: Πρωτοχρονιά,0,3,https://el.wikipedia.org/wiki/30_%CE%91%CF%85%CE%B3%CE%BF%CF%8D%CF%83%CF%84%CE%BF%CF%85
20200831,Η κατά σάρκα Περιτομή του Ιησού Χριστού,Ααρών,,Επίσημη αργία: Πρωτοχρονιά,3,3,https://el.wikipedia.org/wiki/31_%CE%91%CF%85%CE%B3%CE%BF%CF%8D%CF%83%CF%84%CE%BF%CF%85
20200900,Σεπτέμβριος,,,,,,https://el.wikipedia.org/wiki/%CE%A3%CE%B5%CF%80%CF%84%CE%AD%CE%BC%CE%B2%CF%81%CE%B9%CE%BF%CF%82
20200901,Η κατά σάρκα Περιτομή του Ιησού Χριστού,Ααρών,,Επίσημη αργία: Πρωτοχρονιά,3,4,https://el.wikipedia.org/wiki/1_%CE%A3%CE%B5%CF%80%CF%84%CE%B5%CE%BC%CE%B2%CF%81%CE%AF%CE%BF%CF%85
20200902,Η κατά σάρκα Περιτομή του Ιησού Χριστού,Ααρών,,Επίσημη αργία: Πρωτοχρονιά,4,4,https://el.wikipedia.org/wiki/2_%CE%A3%CE%B5%CF%80%CF%84%CE%B5%CE%BC%CE%B2%CF%81%CE%AF%CE%BF%CF%85
20200903,Η κατά σάρκα Περιτομή του Ιησού Χριστού,Ααρών,,Επίσημη αργία: Πρωτοχρονιά,0,4,https://el.wikipedia.org/wiki/3_%CE%A3%CE%B5%CF%80%CF%84%CE%B5%CE%BC%CE%B2%CF%81%CE%AF%CE%BF%CF%85
20200904,Η κατά σάρκα Περιτομή του Ιησού Χριστού,Ααρών,,Επίσημη αργία: Πρωτοχρονιά,4,4,https://el.wikipedia.org/wiki/4_%CE%A3%CE%B5%CF%80%CF%84%CE%B5%CE%BC%CE%B2%CF%81%CE%AF%CE%BF%CF%85
20200905,Η κατά σάρκα Περιτομή του Ιησού Χριστού,Ααρών,,Επίσημη αργία: Πρωτοχρονιά,0,5,https://el.wikipedia.org/wiki/5_%CE%A3%CE%B5%CF%80%CF%84%CE%B5%CE%BC%CE%B2%CF%81%CE%AF%CE%BF%CF%85
20200906,Η κατά σάρκα Περιτομή του Ιησού Χριστού,Ααρών,,Επίσημη αργία: Πρωτοχρονιά,3,5,https://el.wikipedia.org/wiki/6_%CE%A3%CE%B5%CF%80%CF%84%CE%B5%CE%BC%CE%B2%CF%81%CE%AF%CE%BF%CF%85
20200907,Η κατά σάρκα Περιτομή του Ιησού Χριστού,Ααρών,,Επίσημη αργία: Πρωτοχρονιά,0,5,https://el.wikipedia.org/wiki/7_%CE%A3%CE%B5%CF%80%CF%84%CE%B5%CE%BC%CE%B2%CF%81%CE%AF%CE%BF%CF%85
20200908,Η κατά σάρκα Περιτομή του Ιησού Χριστού,Ααρών,,Επίσημη αργία: Πρωτοχρονιά,2,5,https://el.wikipedia.org/wiki/8_%CE%A3%CE%B5%CF%80%CF%84%CE%B5%CE%BC%CE%B2%CF%81%CE%AF%CE%BF%CF%85
20200909,Η κατά σάρκα Περιτομή του Ιησού Χριστού,Ααρών,,Επίσημη αργία: Πρωτοχρονιά,4,6,https://el.wikipedia.org/wiki/9_%CE%A3%CE%B5%CF%80%CF%84%CE%B5%CE%BC%CE%B2%CF%81%CE%AF%CE%BF%CF%85
20200910,Η κατά σάρκα Περιτομή του Ιησού Χριστού,Ααρών,,Επίσημη αργία: Πρωτοχρονιά,0,6,https://el.wikipedia.org/wiki/10_%CE%A3%CE%B5%CF%80%CF%84%CE%B5%CE%BC%CE%B2%CF%81%CE%AF%CE%BF%CF%85
20200911,Η κατά σάρκα Περιτομή του Ιησού Χριστού,Ααρών,,Επίσημη αργία: Πρωτοχρονιά,4,6,https://el.wikipedia.org/wiki/11_%CE%A3%CE%B5%CF%80%CF%84%CE%B5%CE%BC%CE%B2%CF%81%CE%AF%CE%BF%CF%85
20200912,Η κατά σάρκα Περιτομή του Ιησού Χριστού,Ααρών,,Επίσημη αργία: Πρωτοχρονιά,0,7,https://el.wikipedia.org/wiki/12_%CE%A3%CE%B5%CF%80%CF%84%CE%B5%CE%BC%CE%B2%CF%81%CE%AF%CE%BF%CF%85
20200913,Η κατά σάρκα Περιτομή του Ιησού Χριστού,Ααρών,,Επίσημη αργία: Πρωτοχρονιά,3,7,https://el.wikipedia.org/wiki/13_%CE%A3%CE%B5%CF%80%CF%84%CE%B5%CE%BC%CE%B2%CF%81%CE%AF%CE%BF%CF%85
20200914,Η κατά σάρκα Περιτομή του Ιησού Χριστού,Ααρών,,Επίσημη αργία: Πρωτοχρονιά,4,7,https://el.wikipedia.org/wiki/14_%CE%A3%CE%B5%CF%80%CF%84%CE%B5%CE%BC%CE%B2%CF%81%CE%AF%CE%BF%CF%85
20200915,Η κατά σάρκα Περιτομή του Ιησού Χριστού,Ααρών,,Επίσημη αργία: Πρωτοχρονιά,0,7,https://el.wikipedia.org/wiki/15_%CE%A3%CE%B5%CF%80%CF%84%CE%B5%CE%BC%CE%B2%CF%81%CE%AF%CE%BF%CF%85
20200916,Η κατά σάρκα Περιτομή του Ιησού Χριστού,Ααρών,,Επίσημη αργία: Πρωτοχρονιά,4,0,https://el.wikipedia.org/wiki/16_%CE%A3%CE%B5%CF%80%CF%84%CE%B5%CE%BC%CE%B2%CF%81%CE%AF%CE%BF%CF%85
20200917,Η κατά σάρκα Περιτομή του Ιησού Χριστού,Ααρών,,Επίσημη αργία: Πρωτοχρονιά,0,0,https://el.wikipedia.org/wiki/17_%CE%A3%CE%B5%CF%80%CF%84%CE%B5%CE%BC%CE%B2%CF%81%CE%AF%CE%BF%CF%85
20200918,Η κατά σάρκα Περιτομή του Ιησού Χριστού,Ααρών,,Επίσημη αργία: Πρωτοχρονιά,4,0,https://el.wikipedia.org/wiki/18_%CE%A3%CE%B5%CF%80%CF%84%CE%B5%CE%BC%CE%B2%CF%81%CE%AF%CE%BF%CF%85
20200919,Η κατά σάρκα Περιτομή του Ιησού Χριστού,Ααρών,,Επίσημη αργία: Πρωτοχρονιά,0,0,https://el.wikipedia.org/wiki/19_%CE%A3%CE%B5%CF%80%CF%84%CE%B5%CE%BC%CE%B2%CF%81%CE%AF%CE%BF%CF%85
20200920,Η κατά σάρκα Περιτομή του Ιησού Χριστού,Ααρών,,Επίσημη αργία: Πρωτοχρονιά,3,1,https://el.wikipedia.org/wiki/20_%CE%A3%CE%B5%CF%80%CF%84%CE%B5%CE%BC%CE%B2%CF%81%CE%AF%CE%BF%CF%85
20200921,Η κατά σάρκα Περιτομή του Ιησού Χριστού,Ααρών,,Επίσημη αργία: Πρωτοχρονιά,0,1,https://el.wikipedia.org/wiki/21_%CE%A3%CE%B5%CF%80%CF%84%CE%B5%CE%BC%CE%B2%CF%81%CE%AF%CE%BF%CF%85
20200922,Η κατά σάρκα Περιτομή του Ιησού Χριστού,Ααρών,,Επίσημη αργία: Πρωτοχρονιά,0,1,https://el.wikipedia.org/wiki/22_%CE%A3%CE%B5%CF%80%CF%84%CE%B5%CE%BC%CE%B2%CF%81%CE%AF%CE%BF%CF%85
20200923,Η κατά σάρκα Περιτομή του Ιησού Χριστού,Ααρών,,Επίσημη αργία: Πρωτοχρονιά,4,2,https://el.wikipedia.org/wiki/23_%CE%A3%CE%B5%CF%80%CF%84%CE%B5%CE%BC%CE%B2%CF%81%CE%AF%CE%BF%CF%85
20200924,Η κατά σάρκα Περιτομή του Ιησού Χριστού,Ααρών,,Επίσημη αργία: Πρωτοχρονιά,0,2,https://el.wikipedia.org/wiki/24_%CE%A3%CE%B5%CF%80%CF%84%CE%B5%CE%BC%CE%B2%CF%81%CE%AF%CE%BF%CF%85
20200925,Η κατά σάρκα Περιτομή του Ιησού Χριστού,Ααρών,,Επίσημη αργία: Πρωτοχρονιά,4,2,https://el.wikipedia.org/wiki/25_%CE%A3%CE%B5%CF%80%CF%84%CE%B5%CE%BC%CE%B2%CF%81%CE%AF%CE%BF%CF%85
20200926,Η κατά σάρκα Περιτομή του Ιησού Χριστού,Ααρών,,Επίσημη αργία: Πρωτοχρονιά,3,2,https://el.wikipedia.org/wiki/26_%CE%A3%CE%B5%CF%80%CF%84%CE%B5%CE%BC%CE%B2%CF%81%CE%AF%CE%BF%CF%85
20200927,Η κατά σάρκα Περιτομή του Ιησού Χριστού,Ααρών,,Επίσημη αργία: Πρωτοχρονιά,0,3,https://el.wikipedia.org/wiki/27_%CE%A3%CE%B5%CF%80%CF%84%CE%B5%CE%BC%CE%B2%CF%81%CE%AF%CE%BF%CF%85
20200928,Η κατά σάρκα Περιτομή του Ιησού Χριστού,Ααρών,,Επίσημη αργία: Πρωτοχρονιά,0,3,https://el.wikipedia.org/wiki/28_%CE%A3%CE%B5%CF%80%CF%84%CE%B5%CE%BC%CE%B2%CF%81%CE%AF%CE%BF%CF%85
20200929,Η κατά σάρκα Περιτομή του Ιησού Χριστού,Ααρών,,Επίσημη αργία: Πρωτοχρονιά,0,3,https://el.wikipedia.org/wiki/29_%CE%A3%CE%B5%CF%80%CF%84%CE%B5%CE%BC%CE%B2%CF%81%CE%AF%CE%BF%CF%85
20200930,Η κατά σάρκα Περιτομή του Ιησού Χριστού,Ααρών,,Επίσημη αργία: Πρωτοχρονιά,4,3,https://el.wikipedia.org/wiki/30_%CE%A3%CE%B5%CF%80%CF%84%CE%B5%CE%BC%CE%B2%CF%81%CE%AF%CE%BF%CF%85
20201000,Οκτώβριος,,,,,,https://el.wikipedia.org/wiki/%CE%9F%CE%BA%CF%84%CF%8E%CE%B2%CF%81%CE%B9%CE%BF%CF%82
20201001,Η κατά σάρκα Περιτομή του Ιησού Χριστού,Ααρών,,Επίσημη αργία: Πρωτοχρονιά,0,4,https://el.wikipedia.org/wiki/1_%CE%9F%CE%BA%CF%84%CF%89%CE%B2%CF%81%CE%AF%CE%BF%CF%85
20201002,Η κατά σάρκα Περιτομή του Ιησού Χριστού,Ααρών,,Επίσημη αργία: Πρωτοχρονιά,4,4,https://el.wikipedia.org/wiki/2_%CE%9F%CE%BA%CF%84%CF%89%CE%B2%CF%81%CE%AF%CE%BF%CF%85
20201003,Η κατά σάρκα Περιτομή του Ιησού Χριστού,Ααρών,,Επίσημη αργία: Πρωτοχρονιά,0,4,https://el.wikipedia.org/wiki/3_%CE%9F%CE%BA%CF%84%CF%89%CE%B2%CF%81%CE%AF%CE%BF%CF%85
20201004,Η κατά σάρκα Περιτομή του Ιησού Χριστού,Ααρών,,Επίσημη αργία: Πρωτοχρονιά,0,4,https://el.wikipedia.org/wiki/4_%CE%9F%CE%BA%CF%84%CF%89%CE%B2%CF%81%CE%AF%CE%BF%CF%85
20201005,Η κατά σάρκα Περιτομή του Ιησού Χριστού,Ααρών,,Επίσημη αργία: Πρωτοχρονιά,0,5,https://el.wikipedia.org/wiki/5_%CE%9F%CE%BA%CF%84%CF%89%CE%B2%CF%81%CE%AF%CE%BF%CF%85
20201006,Η κατά σάρκα Περιτομή του Ιησού Χριστού,Ααρών,,Επίσημη αργία: Πρωτοχρονιά,3,5,https://el.wikipedia.org/wiki/6_%CE%9F%CE%BA%CF%84%CF%89%CE%B2%CF%81%CE%AF%CE%BF%CF%85
20201007,Η κατά σάρκα Περιτομή του Ιησού Χριστού,Ααρών,,Επίσημη αργία: Πρωτοχρονιά,4,5,https://el.wikipedia.org/wiki/7_%CE%9F%CE%BA%CF%84%CF%89%CE%B2%CF%81%CE%AF%CE%BF%CF%85
20201008,Η κατά σάρκα Περιτομή του Ιησού Χριστού,Ααρών,,Επίσημη αργία: Πρωτοχρονιά,0,6,https://el.wikipedia.org/wiki/8_%CE%9F%CE%BA%CF%84%CF%89%CE%B2%CF%81%CE%AF%CE%BF%CF%85
20201009,Η κατά σάρκα Περιτομή του Ιησού Χριστού,Ααρών,,Επίσημη αργία: Πρωτοχρονιά,4,6,https://el.wikipedia.org/wiki/9_%CE%9F%CE%BA%CF%84%CF%89%CE%B2%CF%81%CE%AF%CE%BF%CF%85
20201010,Η κατά σάρκα Περιτομή του Ιησού Χριστού,Ααρών,,Επίσημη αργία: Πρωτοχρονιά,0,6,https://el.wikipedia.org/wiki/10_%CE%9F%CE%BA%CF%84%CF%89%CE%B2%CF%81%CE%AF%CE%BF%CF%85
20201011,Η κατά σάρκα Περιτομή του Ιησού Χριστού,Ααρών,,Επίσημη αργία: Πρωτοχρονιά,0,6,https://el.wikipedia.org/wiki/11_%CE%9F%CE%BA%CF%84%CF%89%CE%B2%CF%81%CE%AF%CE%BF%CF%85
20201012,Η κατά σάρκα Περιτομή του Ιησού Χριστού,Ααρών,,Επίσημη αργία: Πρωτοχρονιά,0,7,https://el.wikipedia.org/wiki/12_%CE%9F%CE%BA%CF%84%CF%89%CE%B2%CF%81%CE%AF%CE%BF%CF%85
20201013,Η κατά σάρκα Περιτομή του Ιησού Χριστού,Ααρών,,Επίσημη αργία: Πρωτοχρονιά,0,7,https://el.wikipedia.org/wiki/13_%CE%9F%CE%BA%CF%84%CF%89%CE%B2%CF%81%CE%AF%CE%BF%CF%85
20201014,Η κατά σάρκα Περιτομή του Ιησού Χριστού,Ααρών,,Επίσημη αργία: Πρωτοχρονιά,4,7,https://el.wikipedia.org/wiki/14_%CE%9F%CE%BA%CF%84%CF%89%CE%B2%CF%81%CE%AF%CE%BF%CF%85
20201015,Η κατά σάρκα Περιτομή του Ιησού Χριστού,Ααρών,,Επίσημη αργία: Πρωτοχρονιά,0,7,https://el.wikipedia.org/wiki/15_%CE%9F%CE%BA%CF%84%CF%89%CE%B2%CF%81%CE%AF%CE%BF%CF%85
20201016,Η κατά σάρκα Περιτομή του Ιησού Χριστού,Ααρών,,Επίσημη αργία: Πρωτοχρονιά,4,0,https://el.wikipedia.org/wiki/16_%CE%9F%CE%BA%CF%84%CF%89%CE%B2%CF%81%CE%AF%CE%BF%CF%85
20201017,Η κατά σάρκα Περιτομή του Ιησού Χριστού,Ααρών,,Επίσημη αργία: Πρωτοχρονιά,0,0,https://el.wikipedia.org/wiki/17_%CE%9F%CE%BA%CF%84%CF%89%CE%B2%CF%81%CE%AF%CE%BF%CF%85
20201018,Η κατά σάρκα Περιτομή του Ιησού Χριστού,Ααρών,,Επίσημη αργία: Πρωτοχρονιά,3,0,https://el.wikipedia.org/wiki/18_%CE%9F%CE%BA%CF%84%CF%89%CE%B2%CF%81%CE%AF%CE%BF%CF%85
20201019,Η κατά σάρκα Περιτομή του Ιησού Χριστού,Ααρών,,Επίσημη αργία: Πρωτοχρονιά,0,1,https://el.wikipedia.org/wiki/19_%CE%9F%CE%BA%CF%84%CF%89%CE%B2%CF%81%CE%AF%CE%BF%CF%85
20201020,Η κατά σάρκα Περιτομή του Ιησού Χριστού,Ααρών,,Επίσημη αργία: Πρωτοχρονιά,0,1,https://el.wikipedia.org/wiki/20_%CE%9F%CE%BA%CF%84%CF%89%CE%B2%CF%81%CE%AF%CE%BF%CF%85
20201021,Η κατά σάρκα Περιτομή του Ιησού Χριστού,Ααρών,,Επίσημη αργία: Πρωτοχρονιά,4,1,https://el.wikipedia.org/wiki/21_%CE%9F%CE%BA%CF%84%CF%89%CE%B2%CF%81%CE%AF%CE%BF%CF%85
20201022,Η κατά σάρκα Περιτομή του Ιησού Χριστού,Ααρών,,Επίσημη αργία: Πρωτοχρονιά,0,1,https://el.wikipedia.org/wiki/22_%CE%9F%CE%BA%CF%84%CF%89%CE%B2%CF%81%CE%AF%CE%BF%CF%85
20201023,Η κατά σάρκα Περιτομή του Ιησού Χριστού,Ααρών,,Επίσημη αργία: Πρωτοχρονιά,4,2,https://el.wikipedia.org/wiki/23_%CE%9F%CE%BA%CF%84%CF%89%CE%B2%CF%81%CE%AF%CE%BF%CF%85
20201024,Η κατά σάρκα Περιτομή του Ιησού Χριστού,Ααρών,,Επίσημη αργία: Πρωτοχρονιά,0,2,https://el.wikipedia.org/wiki/24_%CE%9F%CE%BA%CF%84%CF%89%CE%B2%CF%81%CE%AF%CE%BF%CF%85
20201025,Η κατά σάρκα Περιτομή του Ιησού Χριστού,Ααρών,,Επίσημη αργία: Πρωτοχρονιά,0,2,https://el.wikipedia.org/wiki/25_%CE%9F%CE%BA%CF%84%CF%89%CE%B2%CF%81%CE%AF%CE%BF%CF%85
20201026,Η κατά σάρκα Περιτομή του Ιησού Χριστού,Ααρών,,Επίσημη αργία: Πρωτοχρονιά,3,2,https://el.wikipedia.org/wiki/26_%CE%9F%CE%BA%CF%84%CF%89%CE%B2%CF%81%CE%AF%CE%BF%CF%85
20201027,Η κατά σάρκα Περιτομή του Ιησού Χριστού,Ααρών,,Επίσημη αργία: Πρωτοχρονιά,0,3,https://el.wikipedia.org/wiki/27_%CE%9F%CE%BA%CF%84%CF%89%CE%B2%CF%81%CE%AF%CE%BF%CF%85
20201028,Η κατά σάρκα Περιτομή του Ιησού Χριστού,Ααρών,,Επίσημη αργία: Πρωτοχρονιά,4,3,https://el.wikipedia.org/wiki/28_%CE%9F%CE%BA%CF%84%CF%89%CE%B2%CF%81%CE%AF%CE%BF%CF%85
20201029,Η κατά σάρκα Περιτομή του Ιησού Χριστού,Ααρών,,Επίσημη αργία: Πρωτοχρονιά,0,3,https://el.wikipedia.org/wiki/29_%CE%9F%CE%BA%CF%84%CF%89%CE%B2%CF%81%CE%AF%CE%BF%CF%85
20201030,Η κατά σάρκα Περιτομή του Ιησού Χριστού,Ααρών,,Επίσημη αργία: Πρωτοχρονιά,4,4,https://el.wikipedia.org/wiki/30_%CE%9F%CE%BA%CF%84%CF%89%CE%B2%CF%81%CE%AF%CE%BF%CF%85
20201031,Η κατά σάρκα Περιτομή του Ιησού Χριστού,Ααρών,,Επίσημη αργία: Πρωτοχρονιά,0,4,https://el.wikipedia.org/wiki/31_%CE%9F%CE%BA%CF%84%CF%89%CE%B2%CF%81%CE%AF%CE%BF%CF%85
20201100,Νοέμβριος,,,,,,https://el.wikipedia.org/wiki/%CE%9D%CE%BF%CE%AD%CE%BC%CE%B2%CF%81%CE%B9%CE%BF%CF%82
20201101,Η κατά σάρκα Περιτομή του Ιησού Χριστού,Ααρών,,Επίσημη αργία: Πρωτοχρονιά,3,4,https://el.wikipedia.org/wiki/1_%CE%9D%CE%BF%CE%B5%CE%BC%CE%B2%CF%81%CE%AF%CE%BF%CF%85
20201102,Η κατά σάρκα Περιτομή του Ιησού Χριστού,Ααρών,,Επίσημη αργία: Πρωτοχρονιά,0,4,https://el.wikipedia.org/wiki/2_%CE%9D%CE%BF%CE%B5%CE%BC%CE%B2%CF%81%CE%AF%CE%BF%CF%85
20201103,Η κατά σάρκα Περιτομή του Ιησού Χριστού,Ααρών,,Επίσημη αργία: Πρωτοχρονιά,0,5,https://el.wikipedia.org/wiki/3_%CE%9D%CE%BF%CE%B5%CE%BC%CE%B2%CF%81%CE%AF%CE%BF%CF%85
20201104,Η κατά σάρκα Περιτομή του Ιησού Χριστού,Ααρών,,Επίσημη αργία: Πρωτοχρονιά,4,5,https://el.wikipedia.org/wiki/4_%CE%9D%CE%BF%CE%B5%CE%BC%CE%B2%CF%81%CE%AF%CE%BF%CF%85
20201105,Η κατά σάρκα Περιτομή του Ιησού Χριστού,Ααρών,,Επίσημη αργία: Πρωτοχρονιά,0,5,https://el.wikipedia.org/wiki/5_%CE%9D%CE%BF%CE%B5%CE%BC%CE%B2%CF%81%CE%AF%CE%BF%CF%85
20201106,Η κατά σάρκα Περιτομή του Ιησού Χριστού,Ααρών,,Επίσημη αργία: Πρωτοχρονιά,4,5,https://el.wikipedia.org/wiki/6_%CE%9D%CE%BF%CE%B5%CE%BC%CE%B2%CF%81%CE%AF%CE%BF%CF%85
20201107,Η κατά σάρκα Περιτομή του Ιησού Χριστού,Ααρών,,Επίσημη αργία: Πρωτοχρονιά,0,6,https://el.wikipedia.org/wiki/7_%CE%9D%CE%BF%CE%B5%CE%BC%CE%B2%CF%81%CE%AF%CE%BF%CF%85
20201108,Η κατά σάρκα Περιτομή του Ιησού Χριστού,Ααρών,,Επίσημη αργία: Πρωτοχρονιά,3,6,https://el.wikipedia.org/wiki/8_%CE%9D%CE%BF%CE%B5%CE%BC%CE%B2%CF%81%CE%AF%CE%BF%CF%85
20201109,Η κατά σάρκα Περιτομή του Ιησού Χριστού,Ααρών,,Επίσημη αργία: Πρωτοχρονιά,0,6,https://el.wikipedia.org/wiki/9_%CE%9D%CE%BF%CE%B5%CE%BC%CE%B2%CF%81%CE%AF%CE%BF%CF%85
20201110,Η κατά σάρκα Περιτομή του Ιησού Χριστού,Ααρών,,Επίσημη αργία: Πρωτοχρονιά,0,7,https://el.wikipedia.org/wiki/10_%CE%9D%CE%BF%CE%B5%CE%BC%CE%B2%CF%81%CE%AF%CE%BF%CF%85
20201111,Η κατά σάρκα Περιτομή του Ιησού Χριστού,Ααρών,,Επίσημη αργία: Πρωτοχρονιά,4,7,https://el.wikipedia.org/wiki/11_%CE%9D%CE%BF%CE%B5%CE%BC%CE%B2%CF%81%CE%AF%CE%BF%CF%85
20201112,Η κατά σάρκα Περιτομή του Ιησού Χριστού,Ααρών,,Επίσημη αργία: Πρωτοχρονιά,3,7,https://el.wikipedia.org/wiki/12_%CE%9D%CE%BF%CE%B5%CE%BC%CE%B2%CF%81%CE%AF%CE%BF%CF%85
20201113,Η κατά σάρκα Περιτομή του Ιησού Χριστού,Ααρών,,Επίσημη αργία: Πρωτοχρονιά,4,7,https://el.wikipedia.org/wiki/13_%CE%9D%CE%BF%CE%B5%CE%BC%CE%B2%CF%81%CE%AF%CE%BF%CF%85
20201114,Η κατά σάρκα Περιτομή του Ιησού Χριστού,Ααρών,,Επίσημη αργία: Πρωτοχρονιά,3,0,https://el.wikipedia.org/wiki/14_%CE%9D%CE%BF%CE%B5%CE%BC%CE%B2%CF%81%CE%AF%CE%BF%CF%85
20201115,Η κατά σάρκα Περιτομή του Ιησού Χριστού,Ααρών,,Επίσημη αργία: Πρωτοχρονιά,2,0,https://el.wikipedia.org/wiki/15_%CE%9D%CE%BF%CE%B5%CE%BC%CE%B2%CF%81%CE%AF%CE%BF%CF%85
20201116,Η κατά σάρκα Περιτομή του Ιησού Χριστού,Ααρών,,Επίσημη αργία: Πρωτοχρονιά,2,0,https://el.wikipedia.org/wiki/16_%CE%9D%CE%BF%CE%B5%CE%BC%CE%B2%CF%81%CE%AF%CE%BF%CF%85
20201117,Η κατά σάρκα Περιτομή του Ιησού Χριστού,Ααρών,,Επίσημη αργία: Πρωτοχρονιά,2,0,https://el.wikipedia.org/wiki/17_%CE%9D%CE%BF%CE%B5%CE%BC%CE%B2%CF%81%CE%AF%CE%BF%CF%85
20201118,Η κατά σάρκα Περιτομή του Ιησού Χριστού,Ααρών,,Επίσημη αργία: Πρωτοχρονιά,4,1,https://el.wikipedia.org/wiki/18_%CE%9D%CE%BF%CE%B5%CE%BC%CE%B2%CF%81%CE%AF%CE%BF%CF%85
20201119,Η κατά σάρκα Περιτομή του Ιησού Χριστού,Ααρών,,Επίσημη αργία: Πρωτοχρονιά,2,1,https://el.wikipedia.org/wiki/19_%CE%9D%CE%BF%CE%B5%CE%BC%CE%B2%CF%81%CE%AF%CE%BF%CF%85
20201120,Η κατά σάρκα Περιτομή του Ιησού Χριστού,Ααρών,,Επίσημη αργία: Πρωτοχρονιά,4,1,https://el.wikipedia.org/wiki/20_%CE%9D%CE%BF%CE%B5%CE%BC%CE%B2%CF%81%CE%AF%CE%BF%CF%85
20201121,Η κατά σάρκα Περιτομή του Ιησού Χριστού,Ααρών,,Επίσημη αργία: Πρωτοχρονιά,2,1,https://el.wikipedia.org/wiki/21_%CE%9D%CE%BF%CE%B5%CE%BC%CE%B2%CF%81%CE%AF%CE%BF%CF%85
20201122,Η κατά σάρκα Περιτομή του Ιησού Χριστού,Ααρών,,Επίσημη αργία: Πρωτοχρονιά,2,2,https://el.wikipedia.org/wiki/22_%CE%9D%CE%BF%CE%B5%CE%BC%CE%B2%CF%81%CE%AF%CE%BF%CF%85
20201123,Η κατά σάρκα Περιτομή του Ιησού Χριστού,Ααρών,,Επίσημη αργία: Πρωτοχρονιά,2,2,https://el.wikipedia.org/wiki/23_%CE%9D%CE%BF%CE%B5%CE%BC%CE%B2%CF%81%CE%AF%CE%BF%CF%85
20201124,Η κατά σάρκα Περιτομή του Ιησού Χριστού,Ααρών,,Επίσημη αργία: Πρωτοχρονιά,2,2,https://el.wikipedia.org/wiki/24_%CE%9D%CE%BF%CE%B5%CE%BC%CE%B2%CF%81%CE%AF%CE%BF%CF%85
20201125,Η κατά σάρκα Περιτομή του Ιησού Χριστού,Ααρών,,Επίσημη αργία: Πρωτοχρονιά,4,3,https://el.wikipedia.org/wiki/25_%CE%9D%CE%BF%CE%B5%CE%BC%CE%B2%CF%81%CE%AF%CE%BF%CF%85
20201126,Η κατά σάρκα Περιτομή του Ιησού Χριστού,Ααρών,,Επίσημη αργία: Πρωτοχρονιά,2,3,https://el.wikipedia.org/wiki/26_%CE%9D%CE%BF%CE%B5%CE%BC%CE%B2%CF%81%CE%AF%CE%BF%CF%85
20201127,Η κατά σάρκα Περιτομή του Ιησού Χριστού,Ααρών,,Επίσημη αργία: Πρωτοχρονιά,2,3,https://el.wikipedia.org/wiki/27_%CE%9D%CE%BF%CE%B5%CE%BC%CE%B2%CF%81%CE%AF%CE%BF%CF%85
20201128,Η κατά σάρκα Περιτομή του Ιησού Χριστού,Ααρών,,Επίσημη αργία: Πρωτοχρονιά,2,3,https://el.wikipedia.org/wiki/28_%CE%9D%CE%BF%CE%B5%CE%BC%CE%B2%CF%81%CE%AF%CE%BF%CF%85
20201129,Η κατά σάρκα Περιτομή του Ιησού Χριστού,Ααρών,,Επίσημη αργία: Πρωτοχρονιά,2,4,https://el.wikipedia.org/wiki/29_%CE%9D%CE%BF%CE%B5%CE%BC%CE%B2%CF%81%CE%AF%CE%BF%CF%85
20201130,Η κατά σάρκα Περιτομή του Ιησού Χριστού,Ααρών,,Επίσημη αργία: Πρωτοχρονιά,2,4,https://el.wikipedia.org/wiki/30_%CE%9D%CE%BF%CE%B5%CE%BC%CE%B2%CF%81%CE%AF%CE%BF%CF%85
20201200,Δεκέμβριος,,,,,,https://el.wikipedia.org/wiki/%CE%94%CE%B5%CE%BA%CE%AD%CE%BC%CE%B2%CF%81%CE%B9%CE%BF%CF%82
20201201,Η κατά σάρκα Περιτομή του Ιησού Χριστού,Ααρών,,Επίσημη αργία: Πρωτοχρονιά,2,4,https://el.wikipedia.org/wiki/1_%CE%94%CE%B5%CE%BA%CE%B5%CE%BC%CE%B2%CF%81%CE%AF%CE%BF%CF%85
20201202,Η κατά σάρκα Περιτομή του Ιησού Χριστού,Ααρών,,Επίσημη αργία: Πρωτοχρονιά,2,4,https://el.wikipedia.org/wiki/2_%CE%94%CE%B5%CE%BA%CE%B5%CE%BC%CE%B2%CF%81%CE%AF%CE%BF%CF%85
20201203,Η κατά σάρκα Περιτομή του Ιησού Χριστού,Ααρών,,Επίσημη αργία: Πρωτοχρονιά,2,5,https://el.wikipedia.org/wiki/3_%CE%94%CE%B5%CE%BA%CE%B5%CE%BC%CE%B2%CF%81%CE%AF%CE%BF%CF%85
20201204,Η κατά σάρκα Περιτομή του Ιησού Χριστού,Ααρών,,Επίσημη αργία: Πρωτοχρονιά,4,5,https://el.wikipedia.org/wiki/4_%CE%94%CE%B5%CE%BA%CE%B5%CE%BC%CE%B2%CF%81%CE%AF%CE%BF%CF%85
20201205,Η κατά σάρκα Περιτομή του Ιησού Χριστού,Ααρών,,Επίσημη αργία: Πρωτοχρονιά,2,5,https://el.wikipedia.org/wiki/5_%CE%94%CE%B5%CE%BA%CE%B5%CE%BC%CE%B2%CF%81%CE%AF%CE%BF%CF%85
20201206,Η κατά σάρκα Περιτομή του Ιησού Χριστού,Ααρών,,Επίσημη αργία: Πρωτοχρονιά,2,6,https://el.wikipedia.org/wiki/6_%CE%94%CE%B5%CE%BA%CE%B5%CE%BC%CE%B2%CF%81%CE%AF%CE%BF%CF%85
20201207,Η κατά σάρκα Περιτομή του Ιησού Χριστού,Ααρών,,Επίσημη αργία: Πρωτοχρονιά,2,6,https://el.wikipedia.org/wiki/7_%CE%94%CE%B5%CE%BA%CE%B5%CE%BC%CE%B2%CF%81%CE%AF%CE%BF%CF%85
20201208,Η κατά σάρκα Περιτομή του Ιησού Χριστού,Ααρών,,Επίσημη αργία: Πρωτοχρονιά,2,6,https://el.wikipedia.org/wiki/8_%CE%94%CE%B5%CE%BA%CE%B5%CE%BC%CE%B2%CF%81%CE%AF%CE%BF%CF%85
20201209,Η κατά σάρκα Περιτομή του Ιησού Χριστού,Ααρών,,Επίσημη αργία: Πρωτοχρονιά,4,6,https://el.wikipedia.org/wiki/9_%CE%94%CE%B5%CE%BA%CE%B5%CE%BC%CE%B2%CF%81%CE%AF%CE%BF%CF%85
20201210,Η κατά σάρκα Περιτομή του Ιησού Χριστού,Ααρών,,Επίσημη αργία: Πρωτοχρονιά,2,7,https://el.wikipedia.org/wiki/10_%CE%94%CE%B5%CE%BA%CE%B5%CE%BC%CE%B2%CF%81%CE%AF%CE%BF%CF%85
20201211,Η κατά σάρκα Περιτομή του Ιησού Χριστού,Ααρών,,Επίσημη αργία: Πρωτοχρονιά,2,7,https://el.wikipedia.org/wiki/11_%CE%94%CE%B5%CE%BA%CE%B5%CE%BC%CE%B2%CF%81%CE%AF%CE%BF%CF%85
20201212,Η κατά σάρκα Περιτομή του Ιησού Χριστού,Ααρών,,Επίσημη αργία: Πρωτοχρονιά,2,7,https://el.wikipedia.org/wiki/12_%CE%94%CE%B5%CE%BA%CE%B5%CE%BC%CE%B2%CF%81%CE%AF%CE%BF%CF%85
20201213,Η κατά σάρκα Περιτομή του Ιησού Χριστού,Ααρών,,Επίσημη αργία: Πρωτοχρονιά,2,7,https://el.wikipedia.org/wiki/13_%CE%94%CE%B5%CE%BA%CE%B5%CE%BC%CE%B2%CF%81%CE%AF%CE%BF%CF%85
20201214,Η κατά σάρκα Περιτομή του Ιησού Χριστού,Ααρών,,Επίσημη αργία: Πρωτοχρονιά,2,0,https://el.wikipedia.org/wiki/14_%CE%94%CE%B5%CE%BA%CE%B5%CE%BC%CE%B2%CF%81%CE%AF%CE%BF%CF%85
20201215,Η κατά σάρκα Περιτομή του Ιησού Χριστού,Ααρών,,Επίσημη αργία: Πρωτοχρονιά,2,0,https://el.wikipedia.org/wiki/15_%CE%94%CE%B5%CE%BA%CE%B5%CE%BC%CE%B2%CF%81%CE%AF%CE%BF%CF%85
20201216,Η κατά σάρκα Περιτομή του Ιησού Χριστού,Ααρών,,Επίσημη αργία: Πρωτοχρονιά,2,0,https://el.wikipedia.org/wiki/16_%CE%94%CE%B5%CE%BA%CE%B5%CE%BC%CE%B2%CF%81%CE%AF%CE%BF%CF%85
20201217,Η κατά σάρκα Περιτομή του Ιησού Χριστού,Ααρών,,Επίσημη αργία: Πρωτοχρονιά,2,1,https://el.wikipedia.org/wiki/17_%CE%94%CE%B5%CE%BA%CE%B5%CE%BC%CE%B2%CF%81%CE%AF%CE%BF%CF%85
20201218,Η κατά σάρκα Περιτομή του Ιησού Χριστού,Ααρών,,Επίσημη αργία: Πρωτοχρονιά,2,1,https://el.wikipedia.org/wiki/18_%CE%94%CE%B5%CE%BA%CE%B5%CE%BC%CE%B2%CF%81%CE%AF%CE%BF%CF%85
20201219,Η κατά σάρκα Περιτομή του Ιησού Χριστού,Ααρών,,Επίσημη αργία: Πρωτοχρονιά,2,1,https://el.wikipedia.org/wiki/19_%CE%94%CE%B5%CE%BA%CE%B5%CE%BC%CE%B2%CF%81%CE%AF%CE%BF%CF%85
20201220,Η κατά σάρκα Περιτομή του Ιησού Χριστού,Ααρών,,Επίσημη αργία: Πρωτοχρονιά,2,1,https://el.wikipedia.org/wiki/20_%CE%94%CE%B5%CE%BA%CE%B5%CE%BC%CE%B2%CF%81%CE%AF%CE%BF%CF%85
20201221,Η κατά σάρκα Περιτομή του Ιησού Χριστού,Ααρών,,Επίσημη αργία: Πρωτοχρονιά,2,2,https://el.wikipedia.org/wiki/21_%CE%94%CE%B5%CE%BA%CE%B5%CE%BC%CE%B2%CF%81%CE%AF%CE%BF%CF%85
20201222,Η κατά σάρκα Περιτομή του Ιησού Χριστού,Ααρών,,Επίσημη αργία: Πρωτοχρονιά,2,2,https://el.wikipedia.org/wiki/22_%CE%94%CE%B5%CE%BA%CE%B5%CE%BC%CE%B2%CF%81%CE%AF%CE%BF%CF%85
20201223,Η κατά σάρκα Περιτομή του Ιησού Χριστού,Ααρών,,Επίσημη αργία: Πρωτοχρονιά,4,2,https://el.wikipedia.org/wiki/23_%CE%94%CE%B5%CE%BA%CE%B5%CE%BC%CE%B2%CF%81%CE%AF%CE%BF%CF%85
20201224,Η κατά σάρκα Περιτομή του Ιησού Χριστού,Ααρών,,Επίσημη αργία: Πρωτοχρονιά,4,2,https://el.wikipedia.org/wiki/24_%CE%94%CE%B5%CE%BA%CE%B5%CE%BC%CE%B2%CF%81%CE%AF%CE%BF%CF%85
20201225,Η κατά σάρκα Περιτομή του Ιησού Χριστού,Ααρών,,Επίσημη αργία: Πρωτοχρονιά,0,3,https://el.wikipedia.org/wiki/25_%CE%94%CE%B5%CE%BA%CE%B5%CE%BC%CE%B2%CF%81%CE%AF%CE%BF%CF%85
20201226,Η κατά σάρκα Περιτομή του Ιησού Χριστού,Ααρών,,Επίσημη αργία: Πρωτοχρονιά,0,3,https://el.wikipedia.org/wiki/26_%CE%94%CE%B5%CE%BA%CE%B5%CE%BC%CE%B2%CF%81%CE%AF%CE%BF%CF%85
20201227,Η κατά σάρκα Περιτομή του Ιησού Χριστού,Ααρών,,Επίσημη αργία: Πρωτοχρονιά,0,3,https://el.wikipedia.org/wiki/27_%CE%94%CE%B5%CE%BA%CE%B5%CE%BC%CE%B2%CF%81%CE%AF%CE%BF%CF%85
20201228,Η κατά σάρκα Περιτομή του Ιησού Χριστού,Ααρών,,Επίσημη αργία: Πρωτοχρονιά,0,4,https://el.wikipedia.org/wiki/28_%CE%94%CE%B5%CE%BA%CE%B5%CE%BC%CE%B2%CF%81%CE%AF%CE%BF%CF%85
20201229,Η κατά σάρκα Περιτομή του Ιησού Χριστού,Ααρών,,Επίσημη αργία: Πρωτοχρονιά,0,4,https://el.wikipedia.org/wiki/29_%CE%94%CE%B5%CE%BA%CE%B5%CE%BC%CE%B2%CF%81%CE%AF%CE%BF%CF%85
20201230,Η κατά σάρκα Περιτομή του Ιησού Χριστού,Ααρών,,Επίσημη αργία: Πρωτοχρονιά,0,4,https://el.wikipedia.org/wiki/30_%CE%94%CE%B5%CE%BA%CE%B5%CE%BC%CE%B2%CF%81%CE%AF%CE%BF%CF%85
20201231,Η κατά σάρκα Περιτομή του Ιησού Χριστού,Ααρών,,Επίσημη αργία: Πρωτοχρονιά,0,4,https://el.wikipedia.org/wiki/31_%CE%94%CE%B5%CE%BA%CE%B5%CE%BC%CE%B2%CF%81%CE%AF%CE%BF%CF%85
